L1,L2,L3
Grocery,Dals,Chana Dal
Grocery,Dals,Moong Dal
Grocery,Dals,Tur Dal
Grocery,Dals,Urad Dal
Grocery,Dals,Masoor Dal
Grocery,Dals,Daliya
Grocery,Pulses,Rajma
Grocery,Pulses,Chowli
Grocery,Pulses,Soya Products
Grocery,Pulses,Kabuli Chana
Grocery,Pulses,Chana
Grocery,Pulses,Urad
Grocery,Pulses,Moong
Grocery,Pulses,Masoor
Grocery,Pulses,Vatana
Grocery,Pulses,Other Whole Pulses
Grocery,Pulses,Groundnut
Grocery,Dry Fruits,Almonds
Grocery,Dry Fruits,Cashews
Grocery,Dry Fruits,Pista
Grocery,Dry Fruits,Dates
Grocery,Dry Fruits,Raisins
Grocery,Dry Fruits,Walnuts
Grocery,Dry Fruits,Mixed Dryfruits
Grocery,Dry Fruits,Charoli
Grocery,Dry Fruits,Makhana
Grocery,Dry Fruits,Anjeer
Grocery,Cooking Oil,Sunflower Oil
Grocery,Cooking Oil,Groundnut Oil
Grocery,Cooking Oil,Blended Oil
Grocery,Cooking Oil,Rice Bran Oil
Grocery,Cooking Oil,Mustard Oil
Grocery,Cooking Oil,Olive Oil
Grocery,Cooking Oil,Other Oils
Grocery,Cooking Oil,Palm Oil
Grocery,Ghee & Vanaspati,Cow Ghee
Grocery,Ghee & Vanaspati,Ghee
Grocery,Ghee & Vanaspati,Vanaspati
Grocery,Flours & Grains,Atta
Grocery,Flours & Grains,Grains
Grocery,Flours & Grains,Other Flours
Grocery,Rice & Rice Products,Sona Masoori Rice
Grocery,Rice & Rice Products,Basmati Rice
Grocery,Rice & Rice Products,Kolam Rice
Grocery,Rice & Rice Products,Brown Rice
Grocery,Rice & Rice Products,Other Rice
Grocery,Rice & Rice Products,Poha
Grocery,Rice & Rice Products,Kurmura
Grocery,Masala & Spices,Whole Spices
Grocery,Masala & Spices,Powdered Spices
Grocery,Masala & Spices,Chilli Powder
Grocery,Masala & Spices,Turmeric Powder
Grocery,Masala & Spices,Coriander Powder
Grocery,Masala & Spices,Cooking Pastes
Grocery,Masala & Spices,Herbs & Seasonings
Grocery,Masala & Spices,Ready Mix Masalas
Grocery,Masala & Spices,Food Essence
Grocery,Salt / Sugar / Jaggery,Salt
Grocery,Salt / Sugar / Jaggery,Sugar
Grocery,Salt / Sugar / Jaggery,Sugar Substitutes
Grocery,Salt / Sugar / Jaggery,Jaggery
Pharmacy,Adult Diapers,Pull-Up Diapers
Pharmacy,Adult Diapers,Incontinence Pads
Pharmacy,Adult Diapers,Bed Protectors
Pharmacy,Adult Diapers,Diaper Pants
Pharmacy,Antiseptic Liquid,Dettol
Pharmacy,Antiseptic Liquid,Betadine Solution
Pharmacy,Antiseptic Liquid,Antiseptic Liquid
Pharmacy,Antiseptic Liquid,Savlon
Pharmacy,Cough & Cold,Vaporizer
Pharmacy,Cough & Cold,Cough Syrup
Pharmacy,Cough & Cold,Throat Lozenges
Pharmacy,Cough & Cold,Cold Tablets
Pharmacy,Digestive Care,Antacid Syrup
Pharmacy,Digestive Care,Health Supplement
Pharmacy,Digestive Care,Gas Relief Drops
Pharmacy,Digestive Care,Probiotic Capsules
Pharmacy,Healthcare Devices,BP Monitor
Pharmacy,Healthcare Devices,Oximeter
Pharmacy,Healthcare Devices,Digital Thermometer
Pharmacy,Healthcare Devices,Cotton Buds
Pharmacy,Oral Care,Toothpaste
Pharmacy,Oral Care,Tooth Sensitivity Gel
Pharmacy,Oral Care,Mouthwash
Pharmacy,Oral Care,Dental Floss
Pharmacy,Protein & Sports Supplement,Protein Bars
Pharmacy,Protein & Sports Supplement,BCAA Powder
Pharmacy,Protein & Sports Supplement,Mass Gainer
Pharmacy,Protein & Sports Supplement,Whey Protein
Pharmacy,Skin Care,Antifungal Cream
Pharmacy,Skin Care,Moisturizing Cream
Pharmacy,Skin Care,Sunscreen Lotion
Pharmacy,Skin Care,Acne Gel
Pharmacy,Vitamins & Daily Nutrition,Calcium Tablets
Pharmacy,Vitamins & Daily Nutrition,Iron Capsules
Pharmacy,Vitamins & Daily Nutrition,Omega-3 Supplements
Pharmacy,Vitamins & Daily Nutrition,Multivitamin
Pharmacy,Wound Care And Pain Relief,Burn Ointment
Pharmacy,Wound Care And Pain Relief,Washproof Bandage
Pharmacy,Wound Care And Pain Relief,Muscle Relaxant Gel
Pharmacy,Wound Care And Pain Relief,Pain Relief Spray
Pharmacy,Health Supplement,Supergut powder
Pharmacy,Mask,N95 Mask
Pharmacy,Mask,Hand Sanitizers
Pharmacy,Mask,Ply Mask
Pharmacy,PPE Kit,PPE Kit
Pharmacy,Herbal Drinks,Herbal Juice
Pharmacy,Sexual Wellness,Shilajit
Pharmacy,Honey & Chyawanprash,Chyawanprash
Pharmacy,Honey & Chyawanprash,Khajur Delight
Pharmacy,Baby Care,Cream
Pharmacy,Baby Care,Diaper
Pet Products,Pet Food,Dog Food
Pet Products,Pet Food,Cat Food
Pet Products,Pet Food,Bird Food
Pet Products,Pet Food,Fish Food
Pet Products,Pet Accessories,Collars & Leashes
Pet Products,Pet Accessories,Pet Carriers
Pet Products,Pet Accessories,Feeding Bowls
Pet Products,Pet Accessories,Clothing
Pet Products,Pet Grooming,Shampoos & Conditioners
Pet Products,Pet Grooming,Brushes & Combs
Pet Products,Pet Grooming,Nail Clippers
Pet Products,Pet Grooming,Ear & Eye Care
Pet Products,Pet Toys,Chew Toys
Pet Products,Pet Toys,Interactive Toys
Pet Products,Pet Toys,Squeaky Toys
Pet Products,Pet Toys,Balls & Ropes
Pet Products,Pet Health & Supplements,Vitamins & Minerals
Pet Products,Pet Health & Supplements,Joint & Mobility Supplements
Pet Products,Pet Health & Supplements,Digestive Aids
Pet Products,Pet Health & Supplements,Skin & Coat Care
Meat,Poultry,Chicken
Meat,Poultry,Duck
Meat,Poultry,Turkey
Meat,Poultry,Cornish Hen
Meat,Poultry,Goose
Meat,Poultry,Quail
Meat,Seafood,Fish
Meat,Seafood,Shrimp
Meat,Seafood,Crab
Meat,Seafood,Lobster
Meat,Seafood,Squid
Meat,Seafood,Mussels
Meat,Seafood,Oysters
Meat,Seafood,Scallops
Meat,Lamb & Goat,Lamb Chops
Meat,Lamb & Goat,Mutton Curry Cuts
Meat,Lamb & Goat,Goat Mince
Meat,Lamb & Goat,Lamb Shank
Meat,Lamb & Goat,Goat Stew
Meat,Processed Meat,Chicken Sausages
Meat,Processed Meat,Fish Fillets
Meat,Processed Meat,Smoked Turkey
Meat,Processed Meat,Salami
Meat,Processed Meat,Ham
Meat,Processed Meat,Bacon
Meat,Processed Meat,Pepperoni
Meat,Processed Meat,Hot Dogs
Meat,Processed Meat,Mortadella
Meat,Organ Meat,Liver
Meat,Organ Meat,Kidney
Meat,Organ Meat,Heart
Meat,Organ Meat,Sweetbreads
Beauty & Cosmetics,Skin,Face Moisturizer & Day Cream
Beauty & Cosmetics,Skin,Serum & Essence
Beauty & Cosmetics,Skin,Sheet Masks
Beauty & Cosmetics,Skin,Night Cream
Beauty & Cosmetics,Skin,Toner
Beauty & Cosmetics,Skin,Sunscreen
Beauty & Cosmetics,Skin,Cleanser
Beauty & Cosmetics,Skin,Facial Kits
Beauty & Cosmetics,Face,Foundation
Beauty & Cosmetics,Face,Compact
Beauty & Cosmetics,Face,Concealer
Beauty & Cosmetics,Face,Face Serum
Beauty & Cosmetics,Face,Primer
Beauty & Cosmetics,Face,BB & CC Cream
Beauty & Cosmetics,Face,Blushes
Beauty & Cosmetics,Face,Highlighter
Beauty & Cosmetics,Face,Makeup Remover
Beauty & Cosmetics,Face,Sindoor
Beauty & Cosmetics,Face,Makeup Fixer
Beauty & Cosmetics,Nail,Nail Polish
Beauty & Cosmetics,Nail,Manicure & Pedicure
Beauty & Cosmetics,Eye,Kajal
Beauty & Cosmetics,Eye,Eye Liner
Beauty & Cosmetics,Eye,Mascara
Beauty & Cosmetics,Eye,Eye Shadow
Beauty & Cosmetics,Eye,Eye Brow Enhancer
Beauty & Cosmetics,Lip,Lipstick
Beauty & Cosmetics,Lip,Lip Balm
Packed Foods,Biscuits & Cookies,Cookies
Packed Foods,Biscuits & Cookies,Glucose Biscuits
Packed Foods,Biscuits & Cookies,Marie Biscuits
Packed Foods,Biscuits & Cookies,Salty Biscuits
Packed Foods,Biscuits & Cookies,Cream Biscuits
Packed Foods,Biscuits & Cookies,Digestive Biscuits
Packed Foods,Biscuits & Cookies,Wafer Biscuits
Packed Foods,Biscuits & Cookies,Health Biscuits
Packed Foods,Snacks & Farsans,Sev & Mixtures
Packed Foods,Snacks & Farsans,Chips & Wafers
Packed Foods,Snacks & Farsans,Namkeens
Packed Foods,Snacks & Farsans,Snack Bars
Packed Foods,Snacks & Farsans,Frozen Snacks
Packed Foods,Snacks & Farsans,Other Snacks
Packed Foods,Breakfast Cereals,Flakes
Packed Foods,Breakfast Cereals,Oats
Packed Foods,Breakfast Cereals,Muesli
Packed Foods,Chocolates & Candies,Chocolates
Packed Foods,Chocolates & Candies,Candies
Packed Foods,Chocolates & Candies,Compound Chocolates
Packed Foods,Chocolates & Candies,Dark Chocolates
Packed Foods,Ketchup & Sauce,Ketchup
Packed Foods,Ketchup & Sauce,Sauce
Packed Foods,Ketchup & Sauce,Chutney
Packed Foods,Ketchup & Sauce,Vinegar
Packed Foods,Jams & Spreads,Jams
Packed Foods,Jams & Spreads,Spreads
Packed Foods,Jams & Spreads,Honey
Packed Foods,Jams & Spreads,Mayonnaise
Packed Foods,Jams & Spreads,Dips & Dressings
Packed Foods,Pasta & Noodles,Instant Noodles
Packed Foods,Pasta & Noodles,Hakka Noodles
Packed Foods,Pasta & Noodles,Pasta
Packed Foods,Pasta & Noodles,Vermicelli
Packed Foods,Ready To Cook,Ready Mix
Packed Foods,Ready To Cook,Popcorn
Packed Foods,Ready To Cook,Papad
Packed Foods,Gourmet Food,Biscuits & Chocolates
Packed Foods,Gourmet Food,Ketchup & Sauces
Packed Foods,Gourmet Food,Noodles & Pasta
Packed Foods,Pickles,Mango Pickles
Packed Foods,Pickles,Lime Pickles
Packed Foods,Pickles,Mixed Pickles
Packed Foods,Pickles,Chilli Pickles
Packed Foods,Pickles,Chutney & Chutney Powder
Packed Foods,Pickles,Other Pickles
Packed Foods,Health Food,Chyawanprash
Packed Foods,Health Food,Sugar Substitutes
Packed Foods,Health Food,Other Healthy Alternatives
Packed Foods,Bakery,Cakes
Packed Foods,Bakery,Khari & Toasts
Packed Foods,Bakery,Bread & Buns
Packed Foods,Frozen Foods,Snacks
Packed Foods,Frozen Foods,Veggies
Packed Foods,Frozen Foods,Parathas & Rotis
Packed Foods,Frozen Foods,Ice Cream & Desserts
Beverages,Soft Drinks,Carbonated Drinks
Beverages,Soft Drinks,Lemonade
Beverages,Soft Drinks,Cola
Beverages,Soft Drinks,Orange Soda
Beverages,Soft Drinks,Ginger Ale
Beverages,Soft Drinks,Tonic Water
Beverages,Soft Drinks,Root Beer
Beverages,Soft Drinks,Cream Soda
Beverages,Fruit Juices,Apple Juice
Beverages,Fruit Juices,Orange Juice
Beverages,Fruit Juices,Mango Juice
Beverages,Fruit Juices,Pineapple Juice
Beverages,Fruit Juices,Grape Juice
Beverages,Fruit Juices,Cranberry Juice
Beverages,Fruit Juices,Pomegranate Juice
Beverages,Fruit Juices,Watermelon Juice
Beverages,Fruit Juices,Guava Juice
Beverages,Fruit Juices,Lemon Juice
Beverages,Iced Teas,Green Iced Tea
Beverages,Iced Teas,Black Iced Tea
Beverages,Iced Teas,Lemon Iced Tea
Beverages,Iced Teas,Peach Iced Tea
Beverages,Iced Teas,Raspberry Iced Tea
Beverages,Health Drinks,Protein Shakes
Beverages,Health Drinks,Green Smoothies
Beverages,Health Drinks,Coconut Water
Beverages,Health Drinks,Aloe Vera Drinks
Beverages,Health Drinks,Herbal Infusions
Beverages,Packaged Water,Bottled Water
Beverages,Packaged Water,Flavored Water
Beverages,Packaged Water,Sparkling Water
Beverages,Packaged Water,Spring Water
Hardware,Switches & Sockets,Switches
Hardware,Faucets and Showers,Bathroom Faucets
Hardware,Faucets and Showers,Bathroom Showers
Hardware,Faucets and Showers,Bathroom Air Showers
Hardware,Faucets and Showers,Bathroom LED Showers
Hardware,Faucets and Showers,Bathroom Hand Shower
Hardware,Faucets and Showers,Bathroom BIDET Spray gun
Hardware,Faucets and Showers,Bathroom Rain Shower
Hardware,Faucets and Showers,"Bathroom Shower Arms, Tubes & Rails"
Hardware,Pumps,Monoblock Pump
Hardware,Pumps,Submersible Pump
Hardware,Pumps,Openwell Submersible Pump
Hardware,Pumps,Borewell Submersible Pumps
Hardware,Pumps,Taps
Hardware,Pumps,Hand Showers
Hardware,Pumps,Overhead Showers
Hardware,Bathroom Accessories,Showers
Hardware,Bathroom Accessories,Tumbler Holder
Hardware,Bathroom Accessories,Soap Holder
Hardware,Bathroom Accessories,Paper Holder
Hardware,Bathroom Accessories,Robe Hook
Hardware,Bathroom Accessories,Soap Dispenser
Hardware,Bathroom Accessories,Soap Dish
Hardware,Bathroom Accessories,Towel Ring
Hardware,Bathroom Accessories,Towel Rail
Hardware,Bathroom Accessories,Rob hook
Hardware,Bathroom Accessories,Glass shelf
Hardware,Bathroom Accessories,Flusher
Hardware,Bathroom Accessories,Taps Parts
Handicrafts & Artifacts,Marble Inlay Craft,Pen Stand
Handicrafts & Artifacts,Marble Inlay Craft,Coaster Set
Handicrafts & Artifacts,Wooden Handicraft,Photo Frame
Handicrafts & Artifacts,Wooden Handicraft,Rolling Board and Pin set
Handicrafts & Artifacts,Wooden Handicraft,Jewellery Box
Handicrafts & Artifacts,Wooden Handicraft,Decor Plate
Handicrafts & Artifacts,Wooden Handicraft,Ashtray
Handicrafts & Artifacts,Glass Handicraft,Pot
Handicrafts & Artifacts,Glass Handicraft,Flower Vase
Handicrafts & Artifacts,Glass Handicraft,Statue
Handicrafts & Artifacts,Glass Handicraft,Turtle
Handicrafts & Artifacts,Meenakari Craft,Bathroom Accessories Set
Handicrafts & Artifacts,Paper Mache Craft,Elephant
Handicrafts & Artifacts,Paper Mache Craft,Ram Mandir
Handicrafts & Artifacts,Terracotta Handicraft,Walking Stick
Handicrafts & Artifacts,Dokra Handicraft,Ashok Stambh
Handicrafts & Artifacts,Dokra Handicraft,Lord Ganesh
Handicrafts & Artifacts,Horn Handicraft,Photo Frame
Handicrafts & Artifacts,Horn Handicraft,Pen Stand
Handicrafts & Artifacts,Resin Handicraft,Money Bank
Handicrafts & Artifacts,Resin Handicraft,Pen Stand
Handicrafts & Artifacts,Sculpture,Coaster Set
Handicrafts & Artifacts,Sculpture,Incense Stick Box
Handicrafts & Artifacts,Sculpture,Rotary Dial Phone
Handicrafts & Artifacts,Sculpture,Treasure Chest
Handicrafts & Artifacts,Natural Fibre,Horse
Handicrafts & Artifacts,Natural Fibre,Cot Design
Handicrafts & Artifacts,Natural Fibre,Mortar Pestle Set
Handicrafts & Artifacts,Natural Fibre,Beer Mug
Handicrafts & Artifacts,Natural Craft,Photo Frame
Handicrafts & Artifacts,Natural Craft,Hookah Showpiece
Handicrafts & Artifacts,Natural Craft,Jewellery Box
Handicrafts & Artifacts,Natural Craft,House Boat
Handicrafts & Artifacts,Natural Craft,Cup & Saucer Set
Handicrafts & Artifacts,Natural Craft,Ashtray
Handicrafts & Artifacts,Natural Craft,Serving Tray
Handicrafts & Artifacts,Natural Craft,Photo Frame
Handicrafts & Artifacts,Natural Craft,Money Bank
Handicrafts & Artifacts,Meenakari Craft,Analogue Wall Clock
Handicrafts & Artifacts,Meenakari Craft,Brandy Glass
Handicrafts & Artifacts,Meenakari Craft,Squirrel Decorative
Handicrafts & Artifacts,Paper Mache Craft,Horse
Handicrafts & Artifacts,Paper Mache Craft,Foldable Book Stand
Handicrafts & Artifacts,Paper Mache Craft,Statue
Handicrafts & Artifacts,Paper Mache Craft,House Boat
Handicrafts & Artifacts,Paper Mache Craft,Fruit Serving Bowl
Handicrafts & Artifacts,Paper Mache Craft,Incense Stick Box
Handicrafts & Artifacts,Paper Mache Craft,Ganesh Idol
Handicrafts & Artifacts,Terracotta Handicraft,Horn Glass
Handicrafts & Artifacts,Terracotta Handicraft,Coffee Mug
Handicrafts & Artifacts,Terracotta Handicraft,Bowl
Handicrafts & Artifacts,Dokra Handicraft,Container
Handicrafts & Artifacts,Dokra Handicraft,Container Set
Handicrafts & Artifacts,Horn Handicraft,Decor Showpiece
Handicrafts & Artifacts,Horn Handicraft,Jewellery Box
Handicrafts & Artifacts,Horn Handicraft,Pencil Box
Handicrafts & Artifacts,Horn Handicraft,Photo Frame
Handicrafts & Artifacts,Horn Handicraft,Ghaipur Wall Hangings
Handicrafts & Artifacts,Horn Handicraft,Cot Design
Handicrafts & Artifacts,Horn Handicraft,Crocodile Showpiece
Handicrafts & Artifacts,Resin Handicraft,Pipli Applique work
Handicrafts & Artifacts,Sculpture,Indore Leather Craft
Handicrafts & Artifacts,Sculpture,Kalash
Handicrafts & Artifacts,Sculpture,Kamdhenu Cow
Handicrafts & Artifacts,Sculpture,Cup & Saucer Set
Handicrafts & Artifacts,Sculpture,Mobile Holder
Handicrafts & Artifacts,Sculpture,Kettle
Handicrafts & Artifacts,Sculpture,Decorative Glass
Handicrafts & Artifacts,Sculpture,Decorative Marble
Handicrafts & Artifacts,Sculpture,Decorative Showpiece
Handicrafts & Artifacts,Sculpture,Diya
Handicrafts & Artifacts,Sculpture,Doll
Handicrafts & Artifacts,Sculpture,Dolphin Decorative Toy
Handicrafts & Artifacts,Sculpture,Door Handle
Handicrafts & Artifacts,Sculpture,Pooja Place
Handicrafts & Artifacts,Sculpture,Pot
Handicrafts & Artifacts,Sculpture,Puja Thali
Handicrafts & Artifacts,Sculpture,Gift Box
Handicrafts & Artifacts,Sculpture,Glass Set
Handicrafts & Artifacts,Sculpture,Kathputlis of Rajasthan
Handicrafts & Artifacts,Sculpture,Money Bank
Handicrafts & Artifacts,Sculpture,Mortar Pestle Set
Handicrafts & Artifacts,Sculpture,Key Holder
Handicrafts & Artifacts,Sculpture,Kitchen Organizer
Handicrafts & Artifacts,Sculpture,Purulia Chau Mask
Handicrafts & Artifacts,Sculpture,Dry Fruit Box
Handicrafts & Artifacts,Sculpture,Tissue Box
Handicrafts & Artifacts,Sculpture,Tray
Handicrafts & Artifacts,Sculpture,Treasure Chest
Handicrafts & Artifacts,Sculpture,Tripod Stand
Handicrafts & Artifacts,Sculpture,Turtle
Handicrafts & Artifacts,Sculpture,Walking Stick
Handicrafts & Artifacts,Sculpture,Wall mounted Dear
Handicrafts & Artifacts,Sculpture,Water Glass
Handicrafts & Artifacts,Sculpture,Wolf Decor
Handicrafts & Artifacts,Sculpture,Ram Darbar
Handicrafts & Artifacts,Sculpture,Hookah Showpiece
Handicrafts & Artifacts,Sculpture,Horn Bowl
Handicrafts & Artifacts,Sculpture,Decor Plate
Handicrafts & Artifacts,Sculpture,Ashtray
Toys,Musical Toys,Musical Animal and Birds
Toys,Musical Toys,Musical Vehicle
Toys,Musical Toys,Musical Piano
Toys,Musical Toys,Musical Drums
Toys,Musical Toys,Musical Xylophones
Toys,Musical Toys,Roly Poly Toys
Toys,Musical Toys,Musical Guitar
Toys,Musical Toys,Musical Balls
Toys,Learning & Educational,Alphabets & Numbers
Toys,Learning & Educational,Shape Sorter
Toys,Learning & Educational,Science Experiments & Circuits Games
Toys,Learning & Educational,Tracing Activity Toys
Toys,Learning & Educational,Maths & Geometry
Toys,Learning & Educational,Lacing Toys
Toys,Learning & Educational,Abacus
Toys,Learning & Educational,Writing Games
Toys,Learning & Educational,Learn Sounds & Phrases
Toys,Learning & Educational,Time Telling/Teaching Clocks
Toys,Learning & Educational,Activity Cubes
Toys,Learning & Educational,Flash Card
Toys,Soft Toys,Teddy Bears
Toys,Soft Toys,Puppy/Dog
Toys,Soft Toys,Birds & Aquatic Animals
Toys,Soft Toys,Elephant
Toys,Soft Toys,Bunny/Rabbit
Toys,Soft Toys,Unicorn
Toys,Soft Toys,Monkey
Toys,Soft Toys,Cat
Toys,Soft Toys,Dinosaur
Toys,Soft Toys,Giraffe
Toys,Soft Toys,Penguin
Toys,Soft Toys,Panda
Toys,Soft Toys,Cow
Toys,Soft Toys,Lion
Toys,Soft Toys,Tiger
Toys,Soft Toys,Duck
Toys,Soft Toys,Snake
Toys,Soft Toys,Fruits/Vegetable Soft Toy
Toys,Indoor & Outdoor Play Equipment,Tent
Toys,Indoor & Outdoor Play Equipment,PlayHouse
Toys,Indoor & Outdoor Play Equipment,Tunnel Tent
Toys,Indoor & Outdoor Play Equipment,Bouncers
Toys,Indoor & Outdoor Play Equipment,Hula Hoops
Toys,Indoor & Outdoor Play Equipment,Boomeranges
Toys,Indoor & Outdoor Play Equipment,Pogo Sticks
Toys,Indoor & Outdoor Play Equipment,Air Hockey
Toys,Play Gym & Playmats,Playmats
Toys,Play Gym & Playmats,Play Gyms
Toys,Sports & Games,Footballs
Toys,Sports & Games,Badminton Set
Toys,Sports & Games,Cricket Kit
Toys,Sports & Games,Boxing Kit
Toys,Role & Pretend Play Toys,Kitchen Sets
Toys,Role & Pretend Play Toys,Role Play Toys
Toys,Role & Pretend Play Toys,Play Foods
Toys,Role & Pretend Play Toys,Kids Doctor Sets
Toys,Role & Pretend Play Toys,Spy Gear & Gadgets
Toys,Role & Pretend Play Toys,Toy Home Appliances
Toys,Role & Pretend Play Toys,Kids Tool Sets
Toys,"Building Blocks, Construction Sets",Figurine Blocks
Toys,"Building Blocks, Construction Sets",Automobiles Model
Toys,"Building Blocks, Construction Sets",Balancing Blocks
Toys,"Building Blocks, Construction Sets",Jenga
Toys,"Building Blocks, Construction Sets",Stackers
Toys,Kids Puzzles,Birds & Animal Puzzles
Toys,Kids Puzzles,Color & Shape Puzzles
Toys,Baby Rattles,Rattle Sets
Toys,Baby Rattles,Animal Shaped Rattles
Toys,Baby Rattles,Ball Rattles
Toys,Baby Rattles,Soft Toy Rattles
Toys,Baby Rattles,Wrist Rattles
Toys,Baby Rattles,Twist n Turn Rattles
Toys,Baby Rattles,Rattles With Music
Toys,Baby Rattles,Linking Rattles
Toys,Baby Rattles,Cartoon Character Rattles
Toys,"Toy Cars, Trains & Vehicles",Pull Back
Toys,"Toy Cars, Trains & Vehicles",Die-Cast Models
Toys,"Toy Cars, Trains & Vehicles",Friction Toys
Toys,"Toy Cars, Trains & Vehicles",Battery Operated
Toys,"Toy Cars, Trains & Vehicles",Free Wheel Toys
Toys,"Toy Cars, Trains & Vehicles",Race Tracks & Playsets
Toys,"Toy Cars, Trains & Vehicles",Toy Assembly Kits
Toys,Kids Musical Instruments,Pianos & Keyboards
Toys,Kids Musical Instruments,Guitar
Toys,Kids Musical Instruments,Flute & Whistles
Toys,Kids Musical Instruments,Microphones
Toys,Kids Musical Instruments,Mouth Organ / Harmonica
Toys,Kids Musical Instruments,Drum Sets
Toys,Kids Musical Instruments,Tambourine
Toys,Kids Musical Instruments,Ukulele
Toys,Kids Musical Instruments,Maracas
Toys,Kids Musical Instruments,Kalimba
Toys,Kids Musical Instruments,Xylophones
Toys,Kids Musical Instruments,Castanets
Toys,Kids Musical Instruments,Violin
Toys,Dolls and Dollhouses,Articulated Dolls
Toys,Dolls and Dollhouses,Doll with Accessories
Toys,Dolls and Dollhouses,Musical Dolls
Toys,Dolls and Dollhouses,Doll House
Toys,Dolls and Dollhouses,Doll Furniture
Toys,Push & Pull Along Toys,Pull Along Animal Toys
Toys,Push & Pull Along Toys,Pull Along Vehicle Toys
Toys,Push & Pull Along Toys,Musical Pull Along Toys
Toys,Art Craft & Hobby Kits,Colouring Activity
Toys,Art Craft & Hobby Kits,Play Dough Sets
Toys,Art Craft & Hobby Kits,Origami/Paper Art
Toys,Art Craft & Hobby Kits,Moulds
Toys,Art Craft & Hobby Kits,Stickers
Toys,Art Craft & Hobby Kits,Jewellery Making Kits
Toys,Art Craft & Hobby Kits,Stamps
Toys,Art Craft & Hobby Kits,Magnets
Toys,Art Craft & Hobby Kits,Sequin Art
Toys,Art Craft & Hobby Kits,Tattoo & Nail Art Kits
Toys,Art Craft & Hobby Kits,Stencils
Toys,Art Craft & Hobby Kits,Loom Band Art
Toys,Board Games,Pop It Toys
Toys,Board Games,IQ Games
Toys,Board Games,Plating Cards
Toys,Board Games,"Animals, Birds & Marine Life Games"
Toys,Board Games,Life & Travel Board Games
Toys,Board Games,"Chess, Checkers & Soduku"
Toys,Board Games,"Words, Pictures & Scrabbles Games"
Toys,Board Games,Dart Board
Toys,Board Games,Bussiness/Monopoly
Toys,Rattles,Wooden Rattles
Toys,Pullers,Wooden Pullers
Toys,Whistles,Wooden Whistles
Toys,Roly-Polly Dolls,Wooden Dolls
Toys,Rocking Horse & Tricycles,Wooden Walker
Toys,Rocking Horse & Tricycles,Wooden Horse
Toys,Montessori,Wooden Educational Toys
Toys,Play & Learn,Wooden Play and Learn
Toys,Activity Toys,Wooden Activity Toys
Toys,Spining Toys,Wooden Spining Toy
Baby Care,Baby & Mom Gifting,Gift Set
Baby Care,Baby Skin & Hair Care,Powder
Baby Care,Baby Skin & Hair Care,Cream
Baby Care,Baby Skin & Hair Care,Oil
Baby Care,Baby Skin & Hair Care,Brush Set
Baby Care,Baby Skin & Hair Care,Lotion
Baby Care,Baby Skin & Hair Care,Grooming Set
Baby Care,Baby Bath,Shampoo
Baby Care,Baby Bath,Oil
Baby Care,Baby Bath,Chair
Baby Care,Baby Bath,Lotion
Baby Care,Baby Bath,Cream
Baby Care,Baby Bath,Soap
Baby Care,Baby Bath,Gel
Baby Care,Baby Bath,Baby Wash
Baby Care,Baby Wipes,Wipes
Baby Care,Baby Diapering,Pants
Baby Care,Baby Feeding,Bottle
Baby Care,Baby Feeding,Nibbler
Baby Care,Baby Feeding,Bib
Baby Care,Baby Feeding,Spoon set
Baby Care,Baby Feeding,Sipper Cup
Baby Care,Baby Feeding,Nipple
Baby Care,Baby Feeding,Bottle Sterilizer
Baby Care,Baby Feeding,Cup
Baby Care,Baby Feeding,Feeding Bowl
Baby Care,Baby Feeding,Soother
Baby Care,Baby Hygiene,Dishwash gel
Baby Care,Baby Hygiene,Cleaning Brush
Baby Care,Baby Hygiene,Nail Clipper set
Baby Care,Baby Hygiene,Baby Detergent
Baby Care,Baby Hygiene,Nail Clipper
Baby Care,Baby Hygiene,Buds
Baby Care,Baby Hygiene,Bottle Cleanser
Baby Care,Baby Hygiene,Toy Cleaner
Baby Care,Baby Hygiene,Brush
Baby Care,Baby Hygiene,Cotton Ball
Baby Care,Baby Hygiene,Liquid Cleanser
Baby Care,Baby Nursery,Underware
Baby Care,Baby Nursery,Drysheet
Baby Care,Baby Nursery,Baby Play Gym
Baby Care,Baby Nursery,Potty Seat
Baby Care,Baby Nursery,Baby Pillow
Baby Care,Baby Nursery,Swaddle
Baby Care,Baby Oral Care,Tooth paste
Baby Care,Baby Oral Care,Tooth brush
Baby Care,Baby Oral Care,Tongue Cleaner
Baby Care,Baby Safety,Helmet and kneepads
Baby Care,Baby Safety,Corner Guard
Baby Care,Baby Safety,Edge guard strip
Electronic Appliances,Electronics & Accessories,Headphones & Speakers
Electronic Appliances,Electronics & Accessories,Smartwatches
Electronic Appliances,Electronics & Accessories,Laptop & Mobile Stand
Electronic Appliances,Electronics & Accessories,Computer Accessories
Electronic Appliances,Home Appliances,Electric Iron
Electronic Appliances,Home Appliances,Fans
Electronic Appliances,Home Appliances,Geysers & Immersion Heaters
Electronic Appliances,Home Appliances,Hardware
Electronic Appliances,Home Appliances,Vacuum Cleaner
Electronic Appliances,Kitchen Appliances,Mixers
Electronic Appliances,Kitchen Appliances,Juicers & Blenders
Electronic Appliances,Kitchen Appliances,Toasters & Induction Cooktops
Electronic Appliances,Kitchen Appliances,Gas Stoves
Electronic Appliances,Kitchen Appliances,Kettles
Electronic Appliances,Kitchen Appliances,Water Purifier & Dispenser
Electronic Appliances,Kitchen Appliances,Egg Boiler
Home & Kitchen,Kitchenware,Cookware
Home & Kitchen,Kitchenware,Bakeware
Home & Kitchen,Kitchenware,Storage Containers
Home & Kitchen,Kitchenware,Cutlery Sets
Home & Kitchen,Kitchenware,Dinnerware
Home & Kitchen,Kitchenware,Glassware
Home & Kitchen,Kitchenware,Tableware
Home & Kitchen,Kitchenware,Chopping Boards
Home & Kitchen,Kitchenware,Spice Racks
Home & Kitchen,Home Furnishing,Bed Sheets
Home & Kitchen,Home Furnishing,Pillow Covers
Home & Kitchen,Home Furnishing,Curtains
Home & Kitchen,Home Furnishing,Cushion Covers
Home & Kitchen,Home Furnishing,Table Runners
Home & Kitchen,Home Furnishing,Carpets & Rugs
Home & Kitchen,Home Decor,Wall Art
Home & Kitchen,Home Decor,Decorative Vases
Home & Kitchen,Home Decor,Indoor Plants
Home & Kitchen,Home Decor,Candles & Candle Holders
Home & Kitchen,Home Decor,Showpieces
Home & Kitchen,Home Decor,Artificial Flowers
Home & Kitchen,Home Storage & Organization,Wardrobe Organizers
Home & Kitchen,Home Storage & Organization,Shoe Racks
Home & Kitchen,Home Storage & Organization,Storage Boxes
Home & Kitchen,Home Storage & Organization,Laundry Baskets
Home & Kitchen,Home Storage & Organization,Bookshelves
Home & Kitchen,Home Cleaning Essentials,Mops & Brooms
Home & Kitchen,Home Cleaning Essentials,Cleaning Cloths
Home & Kitchen,Home Cleaning Essentials,Scrub Brushes
Home & Kitchen,Home Cleaning Essentials,Dustbins
Home & Kitchen,Gardening,Gardening Tools & Equipment
Home & Kitchen,Gardening,Plants & Seeds
Home & Kitchen,Gardening,Pots & Planters
Home & Kitchen,Gardening,Soil & Fertilizers
Home & Kitchen,Gardening,Pest Control & Plant Care
Home & Kitchen,Gardening,Garden Décor & Accessories
Books & Stationery,Books,Fiction Books
Books & Stationery,Books,Non-Fiction Books
Books & Stationery,Books,Academic Books
Books & Stationery,Books,Children's Books
Books & Stationery,Books,Self-Help Books
Books & Stationery,Books,Comic Books
Books & Stationery,Books,Business & Management Books
Books & Stationery,Books,Science & Technology Books
Books & Stationery,Books,History Books
Books & Stationery,Books,Religious Books
Books & Stationery,Books,Art & Design Books
Books & Stationery,Books,Cooking & Recipe Books
Books & Stationery,Stationery,Pens & Pencils
Books & Stationery,Stationery,Notebooks & Diaries
Books & Stationery,Stationery,Files & Folders
Books & Stationery,Stationery,Sticky Notes & Memo Pads
Books & Stationery,Stationery,Highlighters & Markers
Books & Stationery,Stationery,Erasers & Sharpeners
Books & Stationery,Stationery,Rulers & Geometry Sets
Books & Stationery,Stationery,Staplers & Punch Machines
Books & Stationery,Stationery,Adhesives & Glues
Books & Stationery,Stationery,Paper Clips & Binder Clips
Books & Stationery,Art & Craft Supplies,Drawing & Sketching Supplies
Books & Stationery,Art & Craft Supplies,Paints & Brushes
Books & Stationery,Art & Craft Supplies,Canvas & Drawing Sheets
Books & Stationery,Art & Craft Supplies,Color Pencils & Crayons
Books & Stationery,Art & Craft Supplies,Handmade Paper & Craft Sheets
Books & Stationery,Office Supplies,Whiteboards & Notice Boards
Books & Stationery,Office Supplies,Printers & Scanners
Books & Stationery,Office Supplies,Ink & Toners
Fruits & Vegetables,Fruits,Citrus Fruits
Fruits & Vegetables,Fruits,Berries
Fruits & Vegetables,Fruits,Tropical Fruits
Fruits & Vegetables,Fruits,Stone Fruits
Fruits & Vegetables,Fruits,Apples & Pears
Fruits & Vegetables,Fruits,Melons
Fruits & Vegetables,Fruits,Grapes
Fruits & Vegetables,Fruits,Bananas & Plantains
Fruits & Vegetables,Fruits,Pomegranates
Fruits & Vegetables,Fruits,Dates & Dry Fruits
Fruits & Vegetables,Vegetables,Leafy Vegetables
Fruits & Vegetables,Vegetables,Root Vegetables
Fruits & Vegetables,Vegetables,Cruciferous Vegetables
Fruits & Vegetables,Vegetables,Legumes & Beans
Fruits & Vegetables,Vegetables,Nightshade Vegetables
Fruits & Vegetables,Vegetables,Gourds & Squashes
Fruits & Vegetables,Vegetables,Mushrooms
Fruits & Vegetables,Vegetables,Sprouts & Microgreens
Fruits & Vegetables,Herbs & Spices,Fresh Herbs
Fruits & Vegetables,Herbs & Spices,Whole Spices
Fruits & Vegetables,Herbs & Spices,Aromatic Leaves
Fruits & Vegetables,Herbs & Spices,Edible Flowers
Fruits & Vegetables,Organic Produce,Organic Fruits
Fruits & Vegetables,Organic Produce,Organic Vegetables
Fruits & Vegetables,Exotic Produce,Exotic Fruits
Fruits & Vegetables,Exotic Produce,Exotic Vegetables
Fruits & Vegetables,Frozen & Cut Produce,Frozen Fruits
Fruits & Vegetables,Frozen & Cut Produce,Frozen Vegetables
Fruits & Vegetables,Frozen & Cut Produce,Pre-Cut Salad Mixes
Fruits & Vegetables,Frozen & Cut Produce,Pre-Cut Stir-Fry Mixes
Flowers & Bouquet,Fresh Flowers,Roses
Flowers & Bouquet,Fresh Flowers,Lilies
Flowers & Bouquet,Fresh Flowers,Tulips
Flowers & Bouquet,Fresh Flowers,Orchids
Flowers & Bouquet,Fresh Flowers,Carnations
Flowers & Bouquet,Fresh Flowers,Sunflowers
Flowers & Bouquet,Fresh Flowers,Daisies
Flowers & Bouquet,Fresh Flowers,Jasmine
Flowers & Bouquet,Fresh Flowers,Hydrangeas
Flowers & Bouquet,Fresh Flowers,Marigolds
Flowers & Bouquet,Flower Bouquets,Romantic Bouquets
Flowers & Bouquet,Flower Bouquets,Birthday Bouquets
Flowers & Bouquet,Flower Bouquets,Anniversary Bouquets
Flowers & Bouquet,Flower Bouquets,Wedding Bouquets
Flowers & Bouquet,Flower Bouquets,Sympathy & Funeral Bouquets
Flowers & Bouquet,Flower Bouquets,Congratulations Bouquets
Flowers & Bouquet,Flower Bouquets,Get Well Soon Bouquets
Flowers & Bouquet,Flower Bouquets,Baby Shower Bouquets
Flowers & Bouquet,Artificial Flowers,Silk Flowers
Flowers & Bouquet,Artificial Flowers,Paper Flowers
Flowers & Bouquet,Artificial Flowers,Plastic Flowers
Flowers & Bouquet,Artificial Flowers,Dried Flowers
Flowers & Bouquet,Artificial Flowers,Foam Flowers
Flowers & Bouquet,Artificial Flowers,Handmade Floral Arrangements
Flowers & Bouquet,Floral Arrangements,Centerpiece Arrangements
Flowers & Bouquet,Floral Arrangements,Vase Arrangements
Flowers & Bouquet,Floral Arrangements,Basket Arrangements
Flowers & Bouquet,Floral Arrangements,Wedding Floral Decor
Flowers & Bouquet,Floral Arrangements,Corporate Event Arrangements
Flowers & Bouquet,Floral Arrangements,Festival Floral Decor
Gifting Hub,Personalized Gifts,Custom Mugs
Gifting Hub,Personalized Gifts,Engraved Keychains
Gifting Hub,Personalized Gifts,Photo Frames
Gifting Hub,Personalized Gifts,Customized T-Shirts
Gifting Hub,Personalized Gifts,Name Engraved Pens
Gifting Hub,Personalized Gifts,Customized Mobile Covers
Gifting Hub,Flowers & Bouquets,Fresh Flower Bouquets
Gifting Hub,Flowers & Bouquets,Artificial Flower Arrangements
Gifting Hub,Flowers & Bouquets,Rose Bouquets
Gifting Hub,Flowers & Bouquets,Mixed Flower Baskets
Gifting Hub,Cakes & Chocolates,Designer Cakes
Gifting Hub,Cakes & Chocolates,Cupcakes
Gifting Hub,Cakes & Chocolates,Handmade Chocolates
Gifting Hub,Cakes & Chocolates,Chocolate Hampers
Gifting Hub,Cakes & Chocolates,Sugar-Free Sweets
Gifting Hub,Gift Cards & Vouchers,Restaurant Gift Cards
Gifting Hub,Gift Cards & Vouchers,Shopping Vouchers
Gifting Hub,Gift Cards & Vouchers,Spa & Wellness Vouchers
Gifting Hub,Gift Cards & Vouchers,Travel & Hotel Vouchers
Gifting Hub,Luxury Gifts,Branded Watches
Gifting Hub,Luxury Gifts,Premium Perfumes
Gifting Hub,Luxury Gifts,Handcrafted Jewelry
Gifting Hub,Luxury Gifts,Designer Handbags
Gifting Hub,Home DÃ©cor Gifts,Scented Candles
Gifting Hub,Home DÃ©cor Gifts,Decorative Lamps
Gifting Hub,Home DÃ©cor Gifts,Wall Art & Paintings
Gifting Hub,Home DÃ©cor Gifts,Showpieces & Figurines
Gifting Hub,Toys & Games,Soft Toys
Gifting Hub,Toys & Games,Board Games
Gifting Hub,Toys & Games,Puzzle Sets
Gifting Hub,Toys & Games,Educational Toys
"Bath, Body & Hair",Bath & Shower,Body Wash
"Bath, Body & Hair",Bath & Shower,Shower Gel
"Bath, Body & Hair",Bath & Shower,Bar Soap
"Bath, Body & Hair",Bath & Shower,Bath Salts
"Bath, Body & Hair",Bath & Shower,Bath Bombs
"Bath, Body & Hair",Bath & Shower,Loofahs & Sponges
"Bath, Body & Hair",Body Care,Body Lotions
"Bath, Body & Hair",Body Care,Body Oils
"Bath, Body & Hair",Body Care,Body Butter
"Bath, Body & Hair",Body Care,Sunscreen & Sun Protection
"Bath, Body & Hair",Body Care,Hand & Foot Creams
"Bath, Body & Hair",Hair Care,Shampoo
"Bath, Body & Hair",Hair Care,Conditioner
"Bath, Body & Hair",Hair Care,Hair Oil
"Bath, Body & Hair",Hair Care,Hair Serum
"Bath, Body & Hair",Hair Care,Hair Masks
"Bath, Body & Hair",Hair Care,Hair Styling Gel & Wax
"Bath, Body & Hair",Hair Care,Hair Color
"Bath, Body & Hair",Hair Care,Anti-Dandruff Products
"Bath, Body & Hair",Hair Care,Hair Growth Treatments
"Bath, Body & Hair",Face Care,Face Wash
"Bath, Body & Hair",Face Care,Face Scrubs
"Bath, Body & Hair",Face Care,Face Masks
"Bath, Body & Hair",Face Care,Moisturizers & Creams
"Bath, Body & Hair",Face Care,Toners
"Bath, Body & Hair",Face Care,Face Serums
"Bath, Body & Hair",Face Care,Lip Balms
"Bath, Body & Hair",Deodorants & Fragrances,Roll-On Deodorants
"Bath, Body & Hair",Deodorants & Fragrances,Body Sprays
"Bath, Body & Hair",Deodorants & Fragrances,Perfumes
Footwear and Accessories,Men's Footwear,Formal Shoes
Footwear and Accessories,Men's Footwear,Casual Shoes
Footwear and Accessories,Men's Footwear,Sports Shoes
Footwear and Accessories,Men's Footwear,Sandals & Floaters
Footwear and Accessories,Men's Footwear,Loafers
Footwear and Accessories,Men's Footwear,Slippers & Flip-Flops
Footwear and Accessories,Women's Footwear,Heels
Footwear and Accessories,Women's Footwear,Flats
Footwear and Accessories,Women's Footwear,Sneakers
Footwear and Accessories,Women's Footwear,Sandals
Footwear and Accessories,Women's Footwear,Ballerinas
Footwear and Accessories,Women's Footwear,Wedges
Footwear and Accessories,Kids' Footwear,School Shoes
Footwear and Accessories,Kids' Footwear,Sports Shoes
Footwear and Accessories,Kids' Footwear,Sandals & Floaters
Footwear and Accessories,Kids' Footwear,Flip-Flops
Footwear and Accessories,Footwear Accessories,Shoe Polish
Footwear and Accessories,Footwear Accessories,Insoles & Inserts
Footwear and Accessories,Footwear Accessories,Shoe Laces
Footwear and Accessories,Footwear Accessories,Shoe Bags
Footwear and Accessories,Footwear Accessories,Shoe Deodorizers
Footwear and Accessories,Footwear Accessories,Waterproof Sprays
Footwear and Accessories,Bags & Wallets,Men's Wallets
Footwear and Accessories,Bags & Wallets,Women's Wallets
Footwear and Accessories,Bags & Wallets,Backpacks
Footwear and Accessories,Bags & Wallets,Handbags
Footwear and Accessories,Bags & Wallets,Laptop Bags
Footwear and Accessories,Bags & Wallets,Duffel Bags
Footwear and Accessories,Socks,Ankle-Length Socks
Footwear and Accessories,Socks,Crew-Length Socks
Footwear and Accessories,Socks,Sports Socks
Sports & Fitness Products,Sports Equipment,Cricket Equipment
Sports & Fitness Products,Sports Equipment,Football Equipment
Sports & Fitness Products,Sports Equipment,Badminton Equipment
Sports & Fitness Products,Sports Equipment,Tennis Equipment
Sports & Fitness Products,Sports Equipment,Basketball Equipment
Sports & Fitness Products,Sports Equipment,Table Tennis Equipment
Sports & Fitness Products,Sports Equipment,Volleyball Equipment
Sports & Fitness Products,Sports Equipment,Hockey Equipment
Sports & Fitness Products,Sports Equipment,Baseball Equipment
Sports & Fitness Products,Sports Footwear,Running Shoes
Sports & Fitness Products,Sports Footwear,Football Shoes
Sports & Fitness Products,Sports Footwear,Cricket Shoes
Sports & Fitness Products,Sports Footwear,Badminton Shoes
Sports & Fitness Products,Sports Footwear,Tennis Shoes
Sports & Fitness Products,Fitness Equipment,Treadmills
Sports & Fitness Products,Fitness Equipment,Exercise Bikes
Sports & Fitness Products,Fitness Equipment,Dumbbells & Barbells
Sports & Fitness Products,Fitness Equipment,Resistance Bands
Sports & Fitness Products,Fitness Equipment,Yoga Mats
Sports & Fitness Products,Fitness Equipment,Skipping Ropes
Sports & Fitness Products,Fitness Accessories,Gym Gloves
Sports & Fitness Products,Fitness Accessories,Water Bottles
Sports & Fitness Products,Fitness Accessories,Sweatbands & Headbands
Sports & Fitness Products,Outdoor & Adventure Gear,Camping Tents
Sports & Fitness Products,Outdoor & Adventure Gear,Hiking Backpacks
Sports & Fitness Products,Outdoor & Adventure Gear,Trekking Poles
Automobile Accessories,Interior Accessories,Car Seat Covers
Automobile Accessories,Interior Accessories,Steering Wheel Covers
Automobile Accessories,Interior Accessories,Floor Mats & Carpets
Automobile Accessories,Interior Accessories,Dashboard Covers
Automobile Accessories,Interior Accessories,Sun Shades
Automobile Accessories,Interior Accessories,Car Organizers
Automobile Accessories,Interior Accessories,Mobile Holders
Automobile Accessories,Interior Accessories,Air Fresheners
Automobile Accessories,Exterior Accessories,Car Covers
Automobile Accessories,Exterior Accessories,Bumper Protectors
Automobile Accessories,Exterior Accessories,Car Stickers & Decals
Automobile Accessories,Exterior Accessories,Number Plate Frames
Automobile Accessories,Exterior Accessories,Mud Flaps
Automobile Accessories,Exterior Accessories,Side Window Deflectors
Automobile Accessories,Exterior Accessories,Roof Racks & Carriers
Automobile Accessories,Exterior Accessories,Spoilers & Body Kits
Automobile Accessories,Lighting & Electricals,LED Headlights
Automobile Accessories,Lighting & Electricals,Fog Lights
Automobile Accessories,Lighting & Electricals,Interior LED Strips
Automobile Accessories,Lighting & Electricals,DRLs (Daytime Running Lights)
Automobile Accessories,Lighting & Electricals,Horns & Buzzers
Automobile Accessories,Car Care & Maintenance,Car Shampoos & Waxes
Automobile Accessories,Car Care & Maintenance,Microfiber Cloths
Automobile Accessories,Car Care & Maintenance,Tire Cleaners & Polishes
Automobile Accessories,Car Care & Maintenance,Dashboard Cleaners
Automobile Accessories,Car Care & Maintenance,Car Vacuum Cleaners
Automobile Accessories,Performance Accessories,Engine Oil Additives
Automobile Accessories,Performance Accessories,Performance Air Filters
Automobile Accessories,Performance Accessories,Exhaust System Enhancements
Automobile Accessories,Performance Accessories,Suspension Kits
Travel Bags & Essentials,Luggage,Hard-Shell Suitcases
Travel Bags & Essentials,Luggage,Soft-Shell Suitcases
Travel Bags & Essentials,Luggage,Cabin Luggage
Travel Bags & Essentials,Luggage,Check-in Luggage
Travel Bags & Essentials,Luggage,Duffel Bags
Travel Bags & Essentials,Luggage,Trolley Bags
Travel Bags & Essentials,Luggage,Rolling Suitcases
Travel Bags & Essentials,Backpacks,Hiking Backpacks
Travel Bags & Essentials,Backpacks,Laptop Backpacks
Travel Bags & Essentials,Backpacks,Travel Backpacks
Travel Bags & Essentials,Backpacks,Anti-Theft Backpacks
Travel Bags & Essentials,Backpacks,Rucksack Bags
Travel Bags & Essentials,Handbags & Tote Bags,Travel Tote Bags
Travel Bags & Essentials,Handbags & Tote Bags,Shoulder Bags
Travel Bags & Essentials,Handbags & Tote Bags,Crossbody Travel Bags
Travel Bags & Essentials,Handbags & Tote Bags,Messenger Bags
Travel Bags & Essentials,Pouches & Organizers,Packing Cubes
Travel Bags & Essentials,Pouches & Organizers,Shoe Bags
Travel Bags & Essentials,Pouches & Organizers,Toiletry Kits
Travel Bags & Essentials,Pouches & Organizers,Travel Jewelry Cases
Travel Bags & Essentials,Pouches & Organizers,Electronic Cable Organizers
Travel Bags & Essentials,Travel Accessories,Travel Pillows
Travel Bags & Essentials,Travel Accessories,Eye Masks
Travel Bags & Essentials,Travel Accessories,Passport Holders
Travel Bags & Essentials,Travel Accessories,Luggage Tags
Travel Bags & Essentials,Travel Accessories,Travel Wallets
Travel Bags & Essentials,Travel Accessories,TSA Locks & Security Locks
Travel Bags & Essentials,Travel Essentials,Portable Luggage Scales
Travel Bags & Essentials,Travel Essentials,Compression Bags
Travel Bags & Essentials,Travel Essentials,Reusable Travel Bottles
Furniture,Living Room Furniture,Sofas & Couches
Furniture,Living Room Furniture,Recliners
Furniture,Living Room Furniture,Coffee Tables
Furniture,Living Room Furniture,TV Units & Stands
Furniture,Living Room Furniture,Side Tables
Furniture,Living Room Furniture,Bookshelves & Display Units
Furniture,Living Room Furniture,Ottomans & Poufs
Furniture,Living Room Furniture,Wooden Benches
Furniture,Bedroom Furniture,Beds
Furniture,Bedroom Furniture,Wardrobes & Closets
Furniture,Bedroom Furniture,Dressing Tables
Furniture,Bedroom Furniture,Nightstands & Bedside Tables
Furniture,Bedroom Furniture,Mattresses
Furniture,Bedroom Furniture,Headboards
Furniture,Dining Room Furniture,Dining Tables
Furniture,Dining Room Furniture,Dining Chairs
Furniture,Dining Room Furniture,Bar Stools
Furniture,Dining Room Furniture,Sideboards & Buffets
Furniture,Dining Room Furniture,Kitchen Cabinets
Furniture,Office Furniture,Office Chairs
Furniture,Office Furniture,Office Desks
Furniture,Office Furniture,Conference Tables
Furniture,Office Furniture,Filing Cabinets
Furniture,Office Furniture,Bookshelves
Furniture,Outdoor Furniture,Patio Chairs & Loungers
Furniture,Outdoor Furniture,Garden Tables
Furniture,Outdoor Furniture,Swing Chairs
Furniture,Outdoor Furniture,Outdoor Benches
Furniture,Outdoor Furniture,Hammocks
Furniture,Storage & Organization,Shoe Racks
Furniture,Storage & Organization,Wall Shelves
Furniture,Storage & Organization,Storage Cabinets
Furniture,Storage & Organization,Drawers & Chests
Daily Essentials,Household Items,Cleaning Supplies
Daily Essentials,Household Items,Kitchen Cleaning Products
Daily Essentials,Household Items,Dishwashing Liquid
Daily Essentials,Household Items,Brooms and Brushes
Daily Essentials,Household Items,Vacuum Cleaners
Daily Essentials,Personal Care,Bathing Soaps
Daily Essentials,Personal Care,Shampoos and Conditioners
Daily Essentials,Personal Care,Face Wash
Daily Essentials,Personal Care,Body Lotions
Daily Essentials,Personal Care,Deodorants and Perfumes
Daily Essentials,Groceries,Rice & Grains
Daily Essentials,Groceries,Instant Noodles
Daily Essentials,Groceries,Spices and Condiments
Daily Essentials,Groceries,Packaged Snacks
Daily Essentials,Groceries,Frozen Foods
Daily Essentials,Beverages,Tea & Coffee
Daily Essentials,Beverages,Juices & Soft Drinks
Daily Essentials,Beverages,Energy Drinks
Daily Essentials,Beverages,Milk and Dairy Products
Daily Essentials,Beverages,Water and Sports Drinks
Daily Essentials,Baby Products,Diapers and Wipes
Daily Essentials,Baby Products,Baby Food
Daily Essentials,Baby Products,Baby Clothes
Daily Essentials,Baby Products,Baby Bathing and Skin Care
Daily Essentials,Baby Products,Baby Health Products
Daily Essentials,Health & Wellness,Vitamins & Supplements
Daily Essentials,Health & Wellness,Health Drinks
Daily Essentials,Health & Wellness,First Aid and Bandages
Daily Essentials,Health & Wellness,Fitness Supplements
Daily Essentials,Health & Wellness,Medicines
Daily Essentials,Pet Care,Pet Food
Daily Essentials,Pet Care,Pet Grooming Products
Daily Essentials,Pet Care,Pet Toys and Accessories
Daily Essentials,Pet Care,Pet Health & Wellness
Daily Essentials,Pet Care,Pet Bedding
Daily Essentials,Office Supplies,Notebooks and Diaries
Daily Essentials,Office Supplies,Pens and Pencils
Daily Essentials,Office Supplies,Printer Papers and Cartridges
Daily Essentials,Office Supplies,Files and Folders
Daily Essentials,Office Supplies,Desk Organizers
Daily Essentials,Stationery,Envelopes and Labels
Daily Essentials,Stationery,Paper Clips and Binder Clips
Daily Essentials,Stationery,Sticky Notes
Daily Essentials,Stationery,Erasers and Sharpeners
Daily Essentials,Stationery,Highlighters and Markers
Daily Essentials,Toiletries,Toilet Papers
Daily Essentials,Toiletries,Shampoo and Conditioner
Daily Essentials,Toiletries,Toothpaste and Toothbrushes
Daily Essentials,Toiletries,Shaving and Hair Removal Products
Daily Essentials,Toiletries,Bathroom Cleaners
Daily Essentials,Hygiene Products,Hand Wash and Sanitizers
Daily Essentials,Hygiene Products,Feminine Hygiene Products
Daily Essentials,Hygiene Products,Wet Wipes and Tissues
Daily Essentials,Hygiene Products,Toilet Brushes and Holders
Pooja Essentials,Pooja Samagri,Agarbatti (Incense Sticks)
Pooja Essentials,Pooja Samagri,Dhoop Cones
Pooja Essentials,Pooja Samagri,Camphor (Kapoor)
Pooja Essentials,Pooja Samagri,Cotton Wicks (Batti)
Pooja Essentials,Pooja Samagri,Chandan (Sandalwood) Powder
Pooja Essentials,Pooja Samagri,Kumkum & Sindoor
Pooja Essentials,Pooja Samagri,Haldi (Turmeric Powder)
Pooja Essentials,Pooja Samagri,Gangajal
Pooja Essentials,Pooja Samagri,Rose Water
Pooja Essentials,Pooja Samagri,Sacred Thread (Mauli)
Pooja Essentials,Pooja Samagri,Ghee & Oil for Diyas
Pooja Essentials,Diyas & Lamps,Brass Diyas
Pooja Essentials,Diyas & Lamps,Clay Diyas
Pooja Essentials,Diyas & Lamps,Electric Diyas
Pooja Essentials,Diyas & Lamps,Akhand Deep
Pooja Essentials,Diyas & Lamps,Floating Diyas
Pooja Essentials,Pooja Thalis & Accessories,Decorative Pooja Thali
Pooja Essentials,Pooja Thalis & Accessories,Brass & Silver Pooja Plates
Pooja Essentials,Pooja Thalis & Accessories,Bell (Ghanti)
Pooja Essentials,Pooja Thalis & Accessories,Kalash
Pooja Essentials,Pooja Thalis & Accessories,Panchpatra & Achmani
Pooja Essentials,Pooja Thalis & Accessories,Pooja Spoons & Small Bowls
Pooja Essentials,Idols & Deities,Lord Ganesha Idols
Pooja Essentials,Idols & Deities,Goddess Lakshmi Idols
Pooja Essentials,Idols & Deities,Lord Shiva Idols
Pooja Essentials,Idols & Deities,Lord Krishna Idols
Pooja Essentials,Idols & Deities,Hanuman Idols
Pooja Essentials,Idols & Deities,Durga Mata Idols
Pooja Essentials,Idols & Deities,Shivling
Pooja Essentials,Religious Books & Scriptures,Bhagavad Gita
Pooja Essentials,Religious Books & Scriptures,Ramayana
Pooja Essentials,Religious Books & Scriptures,Hanuman Chalisa
Pooja Essentials,Religious Books & Scriptures,Vedas & Upanishads
Pooja Essentials,Yantras & Rudraksha,Shri Yantra
Pooja Essentials,Yantras & Rudraksha,Navagraha Yantra
Pooja Essentials,Yantras & Rudraksha,Lakshmi Kubera Yantra
Pooja Essentials,Yantras & Rudraksha,Panchmukhi Rudraksha Mala
Pooja Essentials,Yantras & Rudraksha,Sphatik Mala
