L1,L2,L3,Description
Footwear and Accessories,Men's Footwear,Sandals & Floaters,"
Sure! Here is a concise and industry-specific description for the subcategory ""Sandals & Floaters"" within the main category of Men's Footwear:

""Comfortable and stylish sandals and floaters for men, designed for warm weather activities and relaxation. Featuring breathable materials, cushioned soles, and adjustable straps for a customized fit."""
Footwear and Accessories,Men's Footwear,Loafers,"
Here is a professional, industry-specific description for the subcategory ""Loafers"" within the main category ""Men's Footwear"":

Loafers are a classic style of men's footwear characterized by their slip-on design and lack of laces. These comfortable shoes are perfect for everyday wear, both on and off the job."
Footwear and Accessories,Men's Footwear,Slippers & Flip-Flops,"
Sure! Here is a professional, industry-specific description for the subcategory ""Slippers & Flip-Flops"" within the main category of Men's Footwear:

Slippers & Flip-Flops: Comfortable and practical footwear options for men, perfect for lounging around the house or poolside. Soft materials and cushioned soles provide maximum comfort and relaxation."
Footwear and Accessories,Women's Footwear,Heels,"
Sure! Here is a professional, industry-specific description for the subcategory ""Heels"" within the main category ""Women's Footwear"":

""Elevate your style with our collection of high heels, designed for confident and fashionable women who want to make a statement. From sleek and elegant pumps to bold and daring stilettos, our heels offer comfort and sophistication for any occasion."" (Under 200 characters)"
Footwear and Accessories,Women's Footwear,Flats,"
Sure! Here is a professional, industry-specific description for the subcategory ""Flats"" within the main category ""Women's Footwear"":

""Elevate your style with our collection of comfortable and fashionable flats. From slip-ons to sandals, our designs offer versatility and quality for every occasion."""
Footwear and Accessories,Women's Footwear,Sneakers,"
Sure! Here is a professional and concise description for the subcategory of Sneakers within the main category of Women's Footwear:

Sneakers: Stylish and comfortable footwear designed for active women, featuring sleek designs, cushioned soles, and breathable materials. Perfect for daily wear or athletic activities."
Footwear and Accessories,Women's Footwear,Sandals,"
Sandals - Women's Footwear: Stylish and comfortable footwear for warm weather adventures. From casual to dressy, our sandals offer supportive cushioning and breathable materials for all-day wear."
Footwear and Accessories,Women's Footwear,Ballerinas,"
Here is a professional, industry-specific description for the subcategory ""Ballerinas"" within the main category ""Women's Footwear"":

""Delicate and elegant, our ballerina shoes are designed for graceful movement and comfort. With soft, supple leather and a flexible sole, these shoes will help you take your dance technique to new heights."""
Footwear and Accessories,Women's Footwear,Wedges,"
Sure! Here is a professional, industry-specific description for the subcategory ""Wedges"" within the main category ""Women's Footwear"":

Wedges are a popular choice in women's footwear, offering comfort and style without sacrificing height. With a wide range of materials, colors, and designs available, wedges can be dressed up or down to suit any occasion."
Footwear and Accessories,Kids' Footwear,School Shoes,"
Here is a professional, industry-specific description for the subcategory ""School Shoes"" within the main category of ""Kids' Footwear"":

""School Shoes: Durable, comfortable shoes designed for kids' daily school wear. Styles range from classic lace-ups to modern slip-ons, with features like breathable mesh panels and durable outsoles for long-lasting wear."""
Footwear and Accessories,Kids' Footwear,Sports Shoes,"
Sports Shoes - Kids' Footwear: Providing comfort and support for little athletes on the move! Engineered with cushioning and traction, our sports shoes are designed to help kids stay active and play hard, whether it's soccer, basketball or running around the playground."
Footwear and Accessories,Kids' Footwear,Sandals & Floaters,"
Sure! Here is a professional, industry-specific description for the subcategory ""Sandals & Floaters"" within the main category of ""Kids' Footwear"":

""Adorable sandals and floaters for little ones, designed for comfort and fun. Perfect for beach days, pool time, or everyday wear."" (197 characters)"
Footwear and Accessories,Kids' Footwear,Flip-Flops,"
Sure! Here is a professional and industry-specific description for the subcategory ""Flip-Flops"" within the main category of Kids' Footwear:

Flip-Flops: Fun and functional footwear for kids, perfect for beach days, pool time, or everyday wear. Soft, flexible soles provide comfort and support, while vibrant colors and fun designs make them a stylish choice for little ones."
Footwear and Accessories,Footwear Accessories,Shoe Polish,"
Sure! Here is a professional, industry-specific description for the subcategory ""Shoe Polish"" within the main category ""Footwear Accessories"":

""Shoe polish is a essential accessory for maintaining the appearance and longevity of your shoes. Our high-quality polishes are designed to protect and enhance the finish of your footwear, leaving them looking like new."""
Footwear and Accessories,Footwear Accessories,Insoles & Inserts,"
Sure! Here is a professional, industry-specific description for the subcategory ""Insoles & Inserts"" within the main category ""Footwear Accessories"":

Insoles & Inserts: Customizable solutions for foot comfort and support. From arch supports to orthotics, our range of inserts and insoles provide tailored cushioning and stability for optimal foot health."
Footwear and Accessories,Footwear Accessories,Shoe Laces,"
Sure! Here is a professional, industry-specific description for the subcategory ""Shoe Laces"" within the main category ""Footwear Accessories"":

""Shoe laces are essential components of footwear, providing secure fit and comfort. Choose from a range of materials and styles to match your footwear needs."""
Footwear and Accessories,Footwear Accessories,Shoe Bags,"
Sure! Here is a professional, industry-specific description for the subcategory ""Shoe Bags"" within the main category ""Footwear Accessories"":

""Shoe bags are lightweight, versatile storage solutions for shoes. They protect footwear from dust, dirt, and damage while keeping them organized and easy to find."""
Footwear and Accessories,Footwear Accessories,Shoe Deodorizers,"
Sure! Here is a professional, industry-specific description for the subcategory ""Shoe Deodorizers"" within the main category ""Footwear Accessories"":

""Shoe deodorizers are essential for keeping your footwear fresh and odor-free. From sweat-absorbing insoles to sprays and powders, these accessories eliminate shoe stink and keep your feet feeling comfortable."""
Footwear and Accessories,Footwear Accessories,Waterproof Sprays,"
Sure! Here is a professional, industry-specific description for the subcategory ""Waterproof Sprays"" within the main category ""Footwear Accessories"":

Protect your feet from wet conditions with our waterproof sprays. Keep your shoes and boots dry and comfortable all day long."
Footwear and Accessories,Bags & Wallets,Men's Wallets,"
Sure! Here is a professional, industry-specific description for the subcategory ""Men's Wallets"" within the main category ""Bags & Wallets"":

""High-quality, stylish men's wallets designed to organize your essentials with ease. From slim profile designs to rugged adventure wallets, find the perfect fit for your lifestyle."""
Footwear and Accessories,Bags & Wallets,Women's Wallets,"
Sure! Here is a professional, industry-specific description for the subcategory ""Women's Wallets"" within the main category ""Bags & Wallets"":

Women's Wallets: Stylish and functional wallets designed specifically for women, featuring slim profiles, sleek designs, and ample storage space for cards, cash, and personal items. Perfect for everyday use or special occasions."
Footwear and Accessories,Bags & Wallets,Backpacks,"
Backpacks - Essential travel companions for adventurous spirits. Store all your essentials in style with durable, comfortable backpacks designed for long days on the go."
Footwear and Accessories,Bags & Wallets,Handbags,"
Handbags - Style and Function in One. Discover our luxury handbags designed to elevate your look and keep your essentials organized. From sleek totes to stylish crossbody bags, find the perfect accessory for any occasion."
Footwear and Accessories,Bags & Wallets,Laptop Bags,"
Sure! Here is a professional, industry-specific description for the subcategory ""Laptop Bags"" within the main category ""Bags & Wallets"":

""Stylish and protective laptop bags designed to keep your device safe and secure during transport. Choose from a range of styles and sizes to fit your needs."""
Footwear and Accessories,Bags & Wallets,Duffel Bags,"
Sure! Here is a professional, industry-specific description for the subcategory ""Duffel Bags"" within the main category ""Bags & Wallets"":

Duffel Bags: Durable and versatile bags designed for long trips or sports equipment transport. Made with high-quality materials and features reinforced stitching for added durability."
Footwear and Accessories,Socks,Ankle-Length Socks,"
Sure! Here is a professional and industry-specific description for the subcategory ""Ankle-Length Socks"" within the main category of Socks:

Ankle-Length Socks: Comfortable, supportive socks that reach mid-calf height for optimal comfort and style. Perfect for workwear or everyday wear."
Footwear and Accessories,Socks,Crew-Length Socks,"
Sure! Here is a professional, industry-specific description for the subcategory ""Crew-Length Socks"" within the main category ""Socks"":

""Crew-Length Socks: Perfect for long days on set or in the office, our crew-length socks offer maximum comfort and support without sacrificing style. Made with breathable materials and designed to stay up all day, these socks are a must-have for any professional on the go."" (198 characters)"
Footwear and Accessories,Socks,Sports Socks,"
Sure! Here's a professional, industry-specific description for the subcategory ""Sports Socks"" within the main category of Socks:

Sports socks are designed to provide comfort and support during high-intensity activities like running, basketball, or soccer. With extra cushioning and moisture-wicking properties, these socks help reduce blisters and keep your feet dry for longer."
Sports & Fitness Products,Sports Equipment,Cricket Equipment,"
Sure! Here is a professional, industry-specific description for the subcategory ""Cricket Equipment"" within the main category of Sports Equipment:

Cricket Equipment: High-quality bats, balls, gloves, and protective gear for serious cricket enthusiasts. Find everything you need to take your game to the next level."
Sports & Fitness Products,Sports Equipment,Football Equipment,"
Sure! Here is a professional, industry-specific description for the subcategory ""Football Equipment"" within the main category of Sports Equipment:

Football Equipment includes protective gear, sports bags, and training accessories designed for football players. From helmets to cleats, our selection provides the gear you need to perform at your best on the field."
Sports & Fitness Products,Sports Equipment,Badminton Equipment,"
Sure! Here is a professional, industry-specific description for the subcategory ""Badminton Equipment"" within the main category ""Sports Equipment"":

Badminton Equipment: High-quality rackets, shuttlecocks, and shoes designed for optimal performance and comfort on the court. From beginners to professionals, our badminton gear is engineered for maximum accuracy and control."
Sports & Fitness Products,Sports Equipment,Tennis Equipment,"
Tennis Equipment: High-quality rackets, shoes, and apparel designed for maximum performance on the court. From beginner to pro, our equipment is engineered to help you dominate your game."
Sports & Fitness Products,Sports Equipment,Basketball Equipment,"
Basketball Equipment: High-quality hoops and gear for the court. From shoes to balls to nets, we've got everything you need to slam dunk your competition."
Sports & Fitness Products,Sports Equipment,Table Tennis Equipment,"
Sure! Here is a professional and industry-specific description for the subcategory ""Table Tennis Equipment"" within the main category ""Sports Equipment"":

 Table Tennis Equipment: High-quality paddles, balls, and tables designed to enhance your table tennis experience. From beginner to pro, find the right gear to improve your game."
Sports & Fitness Products,Sports Equipment,Volleyball Equipment,"
Volleyball Equipment - Sports Equipment: High-quality volleyballs, nets, and other accessories for optimal play. From beginner to pro, our equipment helps players achieve their best on the court."
Sports & Fitness Products,Sports Equipment,Hockey Equipment,"
Sure! Here is a professional, industry-specific description for the subcategory ""Hockey Equipment"" within the main category ""Sports Equipment"":

Hockey Equipment: High-performance gear for the fastest sport on ice. From sticks and pucks to helmets and pads, our selection is designed to help you dominate the rink."
Sports & Fitness Products,Sports Equipment,Baseball Equipment,"
Baseball Equipment: High-quality bats, gloves, balls, and protective gear for players of all skill levels. Perfect for both recreational and competitive play."
Sports & Fitness Products,Sports Footwear,Running Shoes,"
Sure, here's a professional and concise description for the subcategory ""Running Shoes"" within the main category ""Sports Footwear"":

""Designed for maximum comfort and support during high-intensity activities, our running shoes provide cushioning, stability, and breathability to help you push your limits. Whether you're a seasoned marathon runner or a casual jogger, our innovative designs will keep you moving forward."""
Sports & Fitness Products,Sports Footwear,Football Shoes,"
Sure! Here's a professional, industry-specific description for the subcategory ""Football Shoes"" within the main category ""Sports Footwear"":

Football Shoes: Designed for high-impact movements on grass or turf, with cushioning and support to help athletes perform at their best. Engineered for stability, traction, and comfort during intense play."
Sports & Fitness Products,Sports Footwear,Cricket Shoes,"
Sure, here's a professional and industry-specific description for the subcategory ""Cricket Shoes"" within the main category ""Sports Footwear"":

Cricket Shoes: Engineered for precision and agility on the cricket pitch. Lightweight design and grippy soles provide optimal traction and support for quick movements."
Sports & Fitness Products,Sports Footwear,Badminton Shoes,"
Sure! Here's a professional and concise description for the subcategory ""Badminton Shoes"" under the main category ""Sports Footwear"":

""Designed specifically for the quick movements and stops required in badminton, our badminton shoes provide superior grip and support to help you dominate the court. With a lightweight and breathable design, you'll be able to perform at your best without feeling weighed down."""
Sports & Fitness Products,Sports Footwear,Tennis Shoes,"
Sure! Here's a professional, industry-specific description for the subcategory ""Tennis Shoes"" within the main category ""Sports Footwear"":

Tennis Shoes: Designed for quick movements and agility on the court, these shoes provide excellent support and traction to help you dominate your opponents. With breathable mesh panels and cushioned insoles, you'll stay comfortable throughout your match."
Sports & Fitness Products,Fitness Equipment,Treadmills,"
Sure! Here is a professional, industry-specific description for the subcategory ""Treadmills"" within the main category ""Fitness Equipment"":

""Treadmills are state-of-the-art exercise machines designed to provide a convenient and controlled running or walking workout experience. With adjustable incline and speed settings, users can customize their workout for optimal results."""
Sports & Fitness Products,Fitness Equipment,Exercise Bikes,"
Sure! Here is a professional, industry-specific description for the subcategory ""Exercise Bikes"" within the main category ""Fitness Equipment"":

""Elevate your cardiovascular workouts with our selection of high-quality exercise bikes. From recreational to professional-grade, find the perfect bike for your fitness goals."""
Sports & Fitness Products,Fitness Equipment,Dumbbells & Barbells,"
Sure! Here's a professional and industry-specific description for the subcategory ""Dumbbells & Barbells"" within the main category ""Fitness Equipment"":

""Dumbbells & Barbells: Elevate your workout routine with weights designed to build strength and endurance. Choose from a variety of sizes and styles to suit your fitness goals."""
Sports & Fitness Products,Fitness Equipment,Resistance Bands,"
Resistance Bands - Fitness Equipment:
Elastic bands that provide versatile resistance for strength training & stretching, portable & affordable, suitable for home or gym use."
Sports & Fitness Products,Fitness Equipment,Yoga Mats,"
Sure! Here is a professional, industry-specific description for the subcategory ""Yoga Mats"" within the main category ""Fitness Equipment"":

""High-quality yoga mats designed for comfort and grip, providing the perfect surface for your yoga practice. Choose from a range of styles and materials to suit your needs."""
Sports & Fitness Products,Fitness Equipment,Skipping Ropes,"
Sure! Here is a professional, industry-specific description for the subcategory ""Skipping Ropes"" within the main category ""Fitness Equipment"":

Skipping ropes are a versatile fitness tool for cardio workouts, strength training, and coordination exercises. Perfect for home or gym use, these lightweight ropes provide a full-body workout with minimal impact on joints."
Sports & Fitness Products,Fitness Accessories,Gym Gloves,"
Sure! Here's a professional, industry-specific description for the subcategory ""Gym Gloves"" within the main category ""Fitness Accessories"":

""Protect your hands while lifting weights or performing other gym activities with our durable and comfortable gym gloves. Designed to provide grip and support during intense workouts, these gloves are essential for any serious fitness enthusiast."" (Under 200 characters)"
Sports & Fitness Products,Fitness Accessories,Water Bottles,"
Sure, here's a professional and concise description for the subcategory ""Water Bottles"" within the main category ""Fitness Accessories"":

""Stay hydrated on the go with our selection of water bottles, designed for durability and convenience. From insulated to collapsible, find the perfect bottle for your fitness routine."""
Sports & Fitness Products,Fitness Accessories,Sweatbands & Headbands,"
Sure! Here is a professional and concise description for the subcategory ""Sweatbands & Headbands"" within the main category ""Fitness Accessories"":

Sweatbands & Headbands: Keep your hair and face dry during your workout with our selection of stylish and functional sweatbands and headbands. Perfect for runners, yogis, and fitness enthusiasts alike."
Sports & Fitness Products,Outdoor & Adventure Gear,Camping Tents,"
Camping Tents: Durable, weather-resistant shelters for outdoor adventures. From backyard camping to rugged wilderness expeditions, our tents provide comfort and protection for all your outdoor escapes."
Sports & Fitness Products,Outdoor & Adventure Gear,Hiking Backpacks,"
Sure! Here is a professional, industry-specific description for the subcategory ""Hiking Backpacks"" within the main category ""Outdoor & Adventure Gear"":

""Designed for rugged adventures, hiking backpacks offer durable construction, comfortable fit, and ample storage space for all your gear. Essential for any outdoor excursion."""
Sports & Fitness Products,Outdoor & Adventure Gear,Trekking Poles,"
Trekking poles are essential for any outdoor adventure. These lightweight, collapsible poles provide stability and support on uneven terrain, allowing you to navigate challenging landscapes with ease and confidence. Whether you're hiking in the mountains or exploring the desert, trekking poles are a must-have for any outdoor enthusiast."
Automobile Accessories,Interior Accessories,Car Seat Covers,"
Car Seat Covers - Protect Your Vehicle's Upholstery with Style. Durable covers for car seats, custom-fit for maximum protection."
Automobile Accessories,Interior Accessories,Steering Wheel Covers,"
Steering Wheel Covers - Protect your steering wheel from wear and tear with stylish and durable covers. Choose from a variety of designs and materials to match your car's interior."
Automobile Accessories,Interior Accessories,Floor Mats & Carpets,"
Sure! Here is a professional, industry-specific description for the subcategory ""Floor Mats & Carpets"" within the main category ""Interior Accessories"":

Floor mats & carpets enhance interior spaces with durable, aesthetically pleasing solutions. From entrance mats to custom carpeting, our products protect and add style to any environment."
Automobile Accessories,Interior Accessories,Dashboard Covers,"
Dashboard Covers: Protect your car's dashboard from UV rays and daily wear & tear with our durable, custom-fit covers. Stylish designs available for a personalized look."
Automobile Accessories,Interior Accessories,Sun Shades,"
Sun Shades - Protect your home or office from harsh sunlight with our stylish and functional sun shades. Available in various materials and designs, these shades provide privacy and glare reduction while maintaining a comfortable indoor environment."
Automobile Accessories,Interior Accessories,Car Organizers,"
Car Organizers - Keep Your Vehicle Tidy & Efficient: Organize your car's interior with our range of practical and stylish accessories. From storage solutions to tech integrations, we have everything you need to keep your vehicle tidy and efficient."
Automobile Accessories,Interior Accessories,Mobile Holders,"
Sure! Here is a professional and concise description for the subcategory ""Mobile Holders"" within the main category ""Interior Accessories"":

""Elevate your car's interior with our mobile holders, designed to securely hold your phone or GPS while driving. Keep your devices within easy reach and reduce distractions on the road."""
Automobile Accessories,Interior Accessories,Air Fresheners,"
Sure! Here's a professional, industry-specific description for the subcategory ""Air Fresheners"" within the main category ""Interior Accessories"":

""Air fresheners are essential for maintaining a pleasant indoor atmosphere. Our range of scented sprays and dispensers provide long-lasting fragrance and odor protection, leaving your home or office smelling fresh and clean."""
Automobile Accessories,Exterior Accessories,Car Covers,"
Car Covers - Protect Your Vehicle's Exterior with Ease

Keep your car looking new and well-maintained with a high-quality car cover. Our covers are designed to protect your vehicle's exterior from dust, UV rays, and other environmental factors, making it easy to maintain its appearance over time."
Automobile Accessories,Exterior Accessories,Bumper Protectors,"
Bumper Protectors - Keep Your Vehicle's Bumpers in Pristine Condition!
Protect your car's bumpers from scratches and damage with our durable and stylish Bumper Protectors. Easy to install and available in various designs, these protectors ensure your vehicle looks great and stays safe on the road."
Automobile Accessories,Exterior Accessories,Car Stickers & Decals,"
Car Stickers & Decals - Add style and personality to your vehicle with our wide range of decals, stickers, and graphics. From fun designs to personalized plates, we have everything you need to make your car stand out on the road."
Automobile Accessories,Exterior Accessories,Number Plate Frames,"
Sure! Here is a professional, industry-specific description for the subcategory ""Number Plate Frames"" within the main category ""Exterior Accessories"":

Number plate frames add a touch of style and protection to your vehicle's license plate, while also helping to keep it clean and free from damage. Choose from a range of designs and materials to match your car's unique look and personality."
Automobile Accessories,Exterior Accessories,Mud Flaps,"
Sure! Here is a professional, industry-specific description for the subcategory ""Mud Flaps"" within the main category ""Exterior Accessories"":

Mud Flaps: Protect your vehicle's exterior from mud and debris with durable, easy-to-install mud flaps. Keep your car looking great and running smoothly with these essential accessories."
Automobile Accessories,Exterior Accessories,Side Window Deflectors,"
Here is a professional, industry-specific description for the subcategory ""Side Window Deflectors"" within the main category ""Exterior Accessories"":

""Protect your car's windows from debris and noise with our Side Window Deflectors. Easy to install and durable, they help keep your ride quiet and clean on the road."" (Under 200 characters)"
Automobile Accessories,Exterior Accessories,Roof Racks & Carriers,"
Sure! Here's a professional and concise description for the subcategory ""Roof Racks & Carriers"" within the main category ""Exterior Accessories"":

Roof Racks & Carriers: Store and transport your gear with ease using our selection of roof racks and carriers. From bike carriers to kayak holders, we have the perfect solution for all your outdoor adventures."
Automobile Accessories,Exterior Accessories,Spoilers & Body Kits,"
Sure! Here is a professional and concise description for the subcategory ""Spoilers & Body Kits"" within the main category ""Exterior Accessories"":

""Elevate your vehicle's performance and style with our spoilers and body kits. From sleek aerodynamic designs to aggressive racing-inspired styles, we have the perfect upgrade for your car or truck."""
Automobile Accessories,Lighting & Electricals,LED Headlights,"
LED Headlights are a crucial component in modern vehicles, providing enhanced visibility and safety on the road. These high-performance headlights use light-emitting diode (LED) technology to produce a brighter, more focused beam, improving nighttime driving and reducing eye strain for both drivers and passengers."
Automobile Accessories,Lighting & Electricals,Fog Lights,"
Fog Lights: High-performance lighting solutions for improved visibility in low-light conditions. Enhance driving safety with our advanced LED technology."
Automobile Accessories,Lighting & Electricals,Interior LED Strips,"
Sure! Here's a professional and industry-specific description for Interior LED Strips within the main category of Lighting & Electricals:

Interior LED Strips are versatile, energy-efficient lighting solutions for home or office decor. Adjustable brightness and color options create customizable ambiance for any space."
Automobile Accessories,Lighting & Electricals,DRLs (Daytime Running Lights),"
Sure! Here is a professional, industry-specific description for the subcategory ""DRLs (Daytime Running Lights)"" within the main category ""Lighting & Electricals"":

""Daytime Running Lights (DRLs) are automatic lights that illuminate the front of your vehicle during daylight hours, enhancing visibility and safety on the road. Our DRLs are designed to provide a clear view of the road ahead without obstructing your vision."""
Automobile Accessories,Lighting & Electricals,Horns & Buzzers,"
Sure! Here is a professional, industry-specific description for the subcategory ""Horns & Buzzers"" within the main category ""Lighting & Electricals"":

""Electronic horns and buzzers for various applications, including home automation, alarm systems, and industrial settings. Products include sirens, strobe lights, and other warning devices."""
Automobile Accessories,Car Care & Maintenance,Car Shampoos & Waxes,"
Sure! Here is a professional, industry-specific description for the subcategory ""Car Shampoos & Waxes"" within the main category ""Car Care & Maintenance"":

""Keep your car looking and feeling its best with our selection of high-quality car shampoos and waxes. From gentle cleaning formulas to durable protective coatings, we've got you covered."""
Automobile Accessories,Car Care & Maintenance,Microfiber Cloths,"
Sure! Here's a concise and industry-specific description for Microfiber Cloths within the Car Care & Maintenance main category:

Microfiber cloths are gentle yet effective cleaning tools for car care. Use them to wipe down surfaces, remove dirt and grime without scratching or damaging your vehicle's paint."
Automobile Accessories,Car Care & Maintenance,Tire Cleaners & Polishes,"
Tire Cleaners & Polishes: Keep your tires looking and performing their best with our selection of high-quality cleaners and polishes. From everyday dirt and grime to minor scuffs and scratches, we've got the right products for the job."
Automobile Accessories,Car Care & Maintenance,Dashboard Cleaners,"
Here is a professional, industry-specific description for the subcategory ""Dashboard Cleaners"" within the main category ""Car Care & Maintenance"":

""Keep your dashboard looking new with our expert cleaning services. From crumbs to dirt, we'll leave your dashboard spotless and fresh."""
Automobile Accessories,Car Care & Maintenance,Car Vacuum Cleaners,"
Car vacuum cleaners are essential tools for car owners who want to keep their vehicles clean and well-maintained. These devices are specifically designed to remove dirt, dust, and debris from various surfaces within a car, including the interior and exterior. With a car vacuum cleaner, you can easily and effectively clean your car without having to rely on expensive car wash services."
Automobile Accessories,Performance Accessories,Engine Oil Additives,"
Sure! Here's a professional and industry-specific description for Engine Oil Additives in the subcategory of Performance Accessories:

Engine Oil Additives enhance the performance of your engine by improving oil circulation, reducing wear and tear, and protecting against corrosion. Boost your car's power and longevity with our high-quality additives designed to optimize engine performance."
Automobile Accessories,Performance Accessories,Performance Air Filters,"
Sure! Here is a professional, industry-specific description for the subcategory ""Performance Air Filters"" within the main category ""Performance Accessories"":

""Upgrade your vehicle's air intake with our high-performance air filters. Designed to improve engine performance and increase fuel efficiency, these filters provide cleaner air intake for optimal engine function."""
Automobile Accessories,Performance Accessories,Exhaust System Enhancements,"
Sure! Here's a professional, industry-specific description for the subcategory ""Exhaust System Enhancements"" within the main category ""Performance Accessories"":

""Maximize your vehicle's performance with our exhaust system enhancements, designed to increase power and torque while reducing noise. From high-flow mufflers to free-flowing exhaust pipes, our products are engineered to deliver optimal results."""
Automobile Accessories,Performance Accessories,Suspension Kits,"
Sure! Here's a professional and concise description for the subcategory ""Suspension Kits"" within the main category ""Performance Accessories"":

""Upgrade your vehicle's suspension with our performance kits, designed to improve handling and stability on the road. Whether you're a daily driver or a track enthusiast, our kits offer a customizable solution for enhanced driving experience."""
Travel Bags & Essentials,Luggage,Hard-Shell Suitcases,"
Hard-Shell Suitcases - Tough and durable luggage for long-lasting protection of your belongings during travel. Built to withstand rough handling and extreme conditions."
Travel Bags & Essentials,Luggage,Soft-Shell Suitcases,"
Soft-Shell Suitcases are lightweight and flexible luggage options designed for maximum convenience and comfort. These suitcases feature a soft, pliable outer shell that provides added protection against scratches and bumps, while still maintaining the durability and security of traditional hard-shell luggage."
Travel Bags & Essentials,Luggage,Cabin Luggage,"
Certainly! Here is a professional and concise description for the subcategory ""Cabin Luggage"" within the main category ""Luggage"":

Cabin Luggage: Designed for easy transportation in aircraft cabins, these lightweight and compact bags provide organized storage for essentials during short trips."
Travel Bags & Essentials,Luggage,Check-in Luggage,"
Check-in Luggage refers to luggage designed for travelers who want to check their bags during flights. These bags are typically made of durable materials, have spacious interiors, and may include features like wheels and handles for ease of transport."
Travel Bags & Essentials,Luggage,Duffel Bags,"
Sure! Here is a professional, industry-specific description for the subcategory ""Duffel Bags"" within the main category ""Luggage"":

Duffel bags are sturdy, spacious luggage bags designed for long trips and adventures. Perfect for travelers who want a durable and comfortable carry-on option."
Travel Bags & Essentials,Luggage,Trolley Bags,"
Sure! Here's a professional and concise subcategory description for Trolley Bags within the Luggage category:

Trolley Bags: Durable and lightweight bags designed for easy transportation, featuring spacious interiors and comfortable handles for hands-free mobility. Perfect for long trips or daily commutes."
Travel Bags & Essentials,Luggage,Rolling Suitcases,"
Rolling Suitcases: High-quality, durable luggage designed for ease of transport with built-in wheels, providing a convenient and comfortable travel experience."
Travel Bags & Essentials,Backpacks,Hiking Backpacks,"
Hiking Backpacks: Designed for adventure seekers, these backpacks are built to last with durable materials and thoughtful features like multiple compartments and hydration pockets. Perfect for long treks through the wilderness."
Travel Bags & Essentials,Backpacks,Laptop Backpacks,"
Sure! Here's a concise and industry-specific description for the subcategory ""Laptop Backpacks"" within the main category ""Backpacks"":

Laptop Backpacks: Stylish and functional backpacks designed specifically for carrying laptops, tablets, and other tech essentials. Perfect for students, professionals, and travelers who need a secure and comfortable way to transport their devices on the go."
Travel Bags & Essentials,Backpacks,Travel Backpacks,"
Backpacks > Travel Backpacks: Designed for long trips and adventures, these lightweight backpacks offer spacious interiors, comfortable shoulder straps, and durable construction for a hassle-free travel experience."
Travel Bags & Essentials,Backpacks,Anti-Theft Backpacks,"
Sure! Here is a professional, industry-specific description for the subcategory ""Anti-Theft Backpacks"" within the main category ""Backpacks"":

""Protect your valuables with our anti-theft backpacks, designed with advanced security features to deter theft and keep your belongings safe. From laptops to cash, these backpacks offer maximum protection on-the-go."""
Travel Bags & Essentials,Backpacks,Rucksack Bags,"
""Rucksack bags are designed for comfort and durability, providing a stable and secure carrying solution for daily essentials or outdoor adventures. With spacious interiors and comfortable shoulder straps, these backpacks offer the perfect balance of functionality and style."""
Travel Bags & Essentials,Handbags & Tote Bags,Travel Tote Bags,"
Sure, here's a professional and industry-specific description for the subcategory ""Travel Tote Bags"" within the main category ""Handbags & Tote Bags"":

""Stylish and functional travel totes designed to keep your essentials organized and easily accessible during your next adventure. Perfect for weekend getaways, business trips, or international travel."""
Travel Bags & Essentials,Handbags & Tote Bags,Shoulder Bags,"
Sure! Here is a professional and concise subcategory description for Shoulder Bags within the main category of Handbags & Tote Bags:

Shoulder Bags - Stylish and practical, these bags are designed to be worn over the shoulder, offering easy access to your essentials on-the-go. Perfect for busy professionals or students, our selection includes a range of styles and sizes to suit any need."
Travel Bags & Essentials,Handbags & Tote Bags,Crossbody Travel Bags,"
Here's a professional and concise description for the subcategory ""Crossbody Travel Bags"" within the main category ""Handbags & Tote Bags"":

Crossbody Travel Bags: Stylish, compact, and easy to carry, these bags are perfect for quick trips or daily adventures. Perfect for travelers who want to keep their essentials close at hand while exploring new destinations."
Travel Bags & Essentials,Handbags & Tote Bags,Messenger Bags,"
Sure! Here's a professional, industry-specific description for the subcategory ""Messenger Bags"" within the main category ""Handbags & Tote Bags"":

Messenger bags are functional and versatile handbags designed for everyday use. With multiple compartments and pockets, these bags provide ample storage space for essentials like laptops, tablets, and books, while also offering comfortable shoulder straps for easy carrying."
Travel Bags & Essentials,Pouches & Organizers,Packing Cubes,"
Sure! Here's a professional, industry-specific description for the subcategory ""Packing Cubes"" within the main category ""Pouches & Organizers"":

""Efficiently organize your luggage with our packing cubes, designed to keep clothing and essentials separated and easy to find. Save time and reduce stress during travel with these space-saving solutions."""
Travel Bags & Essentials,Pouches & Organizers,Shoe Bags,"
Sure! Here is a professional, industry-specific description for the subcategory ""Shoe Bags"" within the main category ""Pouches & Organizers"":

""Protect your shoes and keep them organized with our selection of durable shoe bags. Perfect for travel or everyday use, these bags provide easy access and keep your feet dry and comfortable."" (Under 200 characters)"
Travel Bags & Essentials,Pouches & Organizers,Toiletry Kits,"
Toiletry Kits are practical and organized solutions for carrying essentials while on-the-go. Containing a variety of compartments and pockets, these kits help keep toiletries neatly arranged and easily accessible during travel or daily use."
Travel Bags & Essentials,Pouches & Organizers,Travel Jewelry Cases,"
Sure! Here's a professional, industry-specific description for the subcategory ""Travel Jewelry Cases"" within the main category ""Pouches & Organizers"":

Travel Jewelry Cases: Keep your valuable jewels organized and protected during your next adventure with our durable, stylish cases. Perfect for storing and transporting delicate pieces while on the go."
Travel Bags & Essentials,Pouches & Organizers,Electronic Cable Organizers,"
Sure! Here is a professional, industry-specific description for the subcategory Electronic Cable Organizers within the main category Pouches & Organizers:

Electronic Cable Organizers - Keep your cables and wires organized and easy to find with our range of durable, customizable pouches and organizers. Perfect for electronics, computer, and IT professionals."
Travel Bags & Essentials,Travel Accessories,Travel Pillows,"
Sure! Here's a concise and industry-specific description for the subcategory ""Travel Pillows"" within the main category ""Travel Accessories"":

""Comfortable travel pillows provide support and comfort during long flights, trains, or road trips. Designed to cradle your head and neck, they help reduce fatigue and promote relaxation."""
Travel Bags & Essentials,Travel Accessories,Eye Masks,"
Sure! Here's a professional, industry-specific description for the subcategory ""Eye Masks"" within the main category ""Travel Accessories"":

""Comfortably shield your eyes from harsh lights and unwanted distractions during travel with our eye masks. Designed to provide complete darkness and relaxation, these masks are perfect for nighttime flights, hotel stays, or any other time you need a peaceful sleep."""
Travel Bags & Essentials,Travel Accessories,Passport Holders,"
Passport Holders - Keep Your Travel Documents Secure: Our passport holders are designed to keep your travel documents safe and secure during your adventures. With multiple sizes and styles to choose from, find the perfect fit for your needs."
Travel Bags & Essentials,Travel Accessories,Luggage Tags,"
Sure! Here's a concise and industry-specific description for the subcategory ""Luggage Tags"" within the main category ""Travel Accessories"":

Luggage Tags: Keep your luggage safe and identifiable with durable, name-branded tags. Easily locate your bags on the go with bright colors and secure attachments."
Travel Bags & Essentials,Travel Accessories,Travel Wallets,"
Sure! Here is a professional, industry-specific description for the subcategory ""Travel Wallets"" within the main category ""Travel Accessories"":

Travel Wallets: Stay organized and hands-free on the go with our durable and spacious travel wallets. Perfect for storing important documents, cash, and credit cards while exploring new destinations."
Travel Bags & Essentials,Travel Accessories,TSA Locks & Security Locks,"
TSA Locks & Security Locks for Travel Accessories: Keep Your Luggage Safe & Secure During Transit with TSA-Approved Locks. Compatible with Airline Checked Bags & Carry-On Luggage, These Locks Ensure Your Belongings Stay Protected from Theft or Damage."
Travel Bags & Essentials,Travel Essentials,Portable Luggage Scales,"
Portable luggage scales for travelers on-the-go! Accurately measure your luggage weight without the hassle of finding a scale at your destination. Save time and avoid overweight fees with these lightweight, compact scales. Perfect for frequent flyers and travel enthusiasts."
Travel Bags & Essentials,Travel Essentials,Compression Bags,"
Sure! Here is a professional, industry-specific description for the subcategory ""Compression Bags"" within the main category ""Travel Essentials"":

Compression bags are lightweight and compact luggage solutions that help you pack more in less space. Perfect for travelers who want to minimize their carry-on and save space in their suitcase."
Travel Bags & Essentials,Travel Essentials,Reusable Travel Bottles,"
Reusable travel bottles are a must-have for any frequent flyer. Made from durable materials, these containers are designed to withstand the rigors of transportation while keeping your drinks at the perfect temperature. Say goodbye to single-use plastic bottles and hello to a more sustainable travel experience."
Furniture,Living Room Furniture,Sofas & Couches,"
Sure! Here is a professional and industry-specific description for the subcategory ""Sofas & Couches"" within the main category ""Living Room Furniture"":

""Comfortable seating solutions for your living space. Browse our selection of stylish sofas and couches in various styles, sizes, and materials to find the perfect fit for your home."""
Furniture,Living Room Furniture,Recliners,"
Recliners - Relaxation at its Finest
Comfortable recliners for a cozy living room experience, perfect for unwinding after a long day. Adjust to your desired position for ultimate relaxation."
Furniture,Living Room Furniture,Coffee Tables,"
Certainly! Here is a professional, industry-specific description for the subcategory ""Coffee Tables"" within the main category ""Living Room Furniture"":

""Coffee tables are essential living room furniture pieces that provide a functional and stylish surface for displaying decorative items, books, and drinks. Choose from a range of styles, materials, and sizes to complement your home's aesthetic."""
Furniture,Living Room Furniture,TV Units & Stands,"
Sure! Here is a professional, industry-specific description for the subcategory ""TV Units & Stands"" within the main category ""Living Room Furniture"":

""Elevate your viewing experience with our stylish and functional TV units and stands. From sleek and modern designs to cozy and traditional styles, find the perfect fit for your living room."""
Furniture,Living Room Furniture,Side Tables,"
Sure! Here's a professional, industry-specific description for the subcategory ""Side Tables"" within the main category ""Living Room Furniture"":

""Elegant and functional side tables perfect for living rooms, offering storage and surface space for books, decorations, and more. Choose from various styles and materials to complement your home's aesthetic."" (Under 200 characters)"
Furniture,Living Room Furniture,Bookshelves & Display Units,"
Sure! Here's a professional and concise description for the subcategory ""Bookshelves & Display Units"" within the main category ""Living Room Furniture"":

Bookshelves & Display Units: Elegantly display your book collection or showcase your favorite items with stylish and functional bookshelves and display units. Create a cozy reading nook or add a touch of sophistication to your living room with our selection of high-quality, design-focused pieces."
Furniture,Living Room Furniture,Ottomans & Poufs,"
Ottomans & Poufs - Add Comfort and Style to Your Living Room
Transform your living room with stylish and functional ottomans and poufs. Use them as extra seating, a footrest, or as a unique piece of home decor. Find the perfect one for your space today!"
Furniture,Living Room Furniture,Wooden Benches,"
Sure! Here's a professional, industry-specific description for the subcategory ""Wooden Benches"" within the main category ""Living Room Furniture"":

Wooden benches add warmth and coziness to any living room, providing a comfortable place to sit and relax. Crafted from high-quality wood, these benches offer stylish seating options for any decor."
Furniture,Bedroom Furniture,Beds,"
Beds | Bedroom Furniture
A vital component of any bedroom, beds provide a comfortable sleeping surface for a restful night's sleep. Choose from a range of styles and materials to suit your personal preferences and create a tranquil oasis in your home."
Furniture,Bedroom Furniture,Wardrobes & Closets,"
Sure! Here is a professional and concise description for the subcategory ""Wardrobes & Closets"" within the main category of Bedroom Furniture:

""Elevate your bedroom with stylish wardrobes and closets that provide ample storage and organization solutions. From sleek and modern to classic and traditional, our range of wardrobe and closet designs cater to your personal style and space requirements."""
Furniture,Bedroom Furniture,Dressing Tables,"
Here is a professional, industry-specific description for the subcategory ""Dressing Tables"" within the main category ""Bedroom Furniture"":

""Elegant dressing tables crafted from high-quality materials, designed to enhance your morning routine with ample storage and mirror reflection. Perfect for styling hair and makeup in a comfortable and organized bedroom setting."""
Furniture,Bedroom Furniture,Nightstands & Bedside Tables,"
Sure! Here is a professional, industry-specific description for the subcategory ""Nightstands & Bedside Tables"" within the main category ""Bedroom Furniture"":

""Stylish and functional nightstands and bedside tables for convenient storage and lighting in your bedroom. Choose from various styles and materials to match your decor."""
Furniture,Bedroom Furniture,Mattresses,"
Sure! Here's a professional and concise description for the subcategory ""Mattresses"" within the main category ""Bedroom Furniture"":

""Luxurious mattresses designed to provide optimal comfort and support for a restful night's sleep. Choose from a range of materials, firmness levels, and styles to find your perfect match."""
Furniture,Bedroom Furniture,Headboards,"
Headboards: Elevate Your Sleep Experience with Stylish and Functional Designs

Our headboards offer a range of styles and materials to complement your bedroom furniture. From sleek metal designs to plush upholstered options, our headboards provide the perfect blend of form and function for a restful night's sleep."
Furniture,Dining Room Furniture,Dining Tables,"
Sure! Here's a concise and industry-specific description for the subcategory ""Dining Tables"" within the main category ""Dining Room Furniture"":

""Dining tables are sturdy, stylish pieces designed for communal meals and gatherings. Choose from a range of sizes, shapes, and materials to suit your dining room's style and layout."""
Furniture,Dining Room Furniture,Dining Chairs,"
Dining Chairs: Comfortable seating for formal or casual dining experiences. Stylish designs to match any decor."
Furniture,Dining Room Furniture,Bar Stools,"
Bar Stools - Dining Room Furniture: Comfortable seating for your home bar or kitchen island. Ergonomic design and sturdy construction for durability."
Furniture,Dining Room Furniture,Sideboards & Buffets,"
Sure! Here is a professional, industry-specific description for the subcategory ""Sideboards & Buffets"" within the main category ""Dining Room Furniture"":

""Elevate your dining experience with stylish sideboards & buffets. These versatile pieces provide ample storage and display space for dining essentials, while adding a touch of sophistication to any room."""
Furniture,Dining Room Furniture,Kitchen Cabinets,"
Sure! Here is a professional and industry-specific description for the subcategory ""Kitchen Cabinets"" within the main category ""Dining Room Furniture"":

""Kitchen Cabinets: Customizable storage solutions for your kitchen essentials, including drawers, shelves, and doors. Choose from various materials and finishes to match your kitchen's style."""
Furniture,Office Furniture,Office Chairs,"
Sure! Here's a professional, industry-specific description for the subcategory ""Office Chairs"" within the main category ""Office Furniture"":

Comfortable and supportive office chairs designed to promote productivity and well-being in the workplace. Choose from a range of styles and materials to suit your work environment and budget."
Furniture,Office Furniture,Office Desks,"
Sure! Here is a professional, industry-specific description for the subcategory ""Office Desks"" within the main category ""Office Furniture"":

""Find the perfect desk for your workspace with our wide selection of stylish and functional designs. From standing desks to ergonomic options, we have the right fit for your needs."""
Furniture,Office Furniture,Conference Tables,"
Conference Tables - Elegant spaces for collaboration. Durable, versatile designs for productive meetings."
Furniture,Office Furniture,Filing Cabinets,"
Filing Cabinets - Organize Your Office with Style & Efficiency: Our filing cabinets offer a stylish and practical solution for storing important documents and office supplies. With various sizes and styles to choose from, you can find the perfect fit for your workspace."
Furniture,Office Furniture,Bookshelves,"
Sure! Here is a professional, industry-specific description for the subcategory ""Bookshelves"" within the main category ""Office Furniture"":

""Organize your office library with sturdy bookshelves that provide ample storage space for books, files, and other office supplies. Choose from a variety of styles and sizes to fit your workspace needs."""
Furniture,Outdoor Furniture,Patio Chairs & Loungers,"
Sure! Here's a professional, industry-specific description for the subcategory ""Patio Chairs & Loungers"" within the main category ""Outdoor Furniture"":

Patio chairs and loungers provide comfortable seating options for outdoor entertaining. Choose from a range of styles and materials to complement your backyard oasis."
Furniture,Outdoor Furniture,Garden Tables,"
Sure! Here is a professional and concise description for the subcategory ""Garden Tables"" within the main category of Outdoor Furniture:

""Garden tables offer a functional and stylish solution for al fresco dining, socializing or working. Choose from a range of materials and designs to complement your outdoor space."" (197 characters)"
Furniture,Outdoor Furniture,Swing Chairs,"
Sure! Here's a professional and concise description for the subcategory ""Swing Chairs"" within the main category of Outdoor Furniture:

Swing Chairs: Relax in style with our comfortable and visually appealing swing chairs, perfect for your outdoor living space. Enjoy the gentle rocking motion while soaking up the sun or shade, creating a tranquil atmosphere for your guests to enjoy."
Furniture,Outdoor Furniture,Outdoor Benches,"
Outdoor Benches - Comfortable seating for alfresco relaxation. Designed for durability and weather resistance, our outdoor benches provide a cozy spot to enjoy nature."
Furniture,Outdoor Furniture,Hammocks,"
Sure! Here is a professional, industry-specific description for the subcategory ""Hammocks"" within the main category ""Outdoor Furniture"":

""Relax and unwind in style with our selection of high-quality hammocks, designed to provide maximum comfort and enjoyment in your outdoor space."""
Furniture,Storage & Organization,Shoe Racks,"
Sure! Here is a professional and industry-specific description for the subcategory ""Shoe Racks"" within the main category of Storage & Organization:

""Stay organized and keep your shoes in check with our selection of shoe racks. From wall-mounted designs to floor-standing options, we've got you covered."""
Furniture,Storage & Organization,Wall Shelves,"
Sure! Here is a professional and concise description for the subcategory ""Wall Shelves"" within the main category ""Storage & Organization"":

Wall shelves are vertical storage solutions that provide convenient and space-saving options for organizing and displaying items in your home or office. They can be mounted on walls, pegboards, or other surfaces to keep belongings within easy reach."
Furniture,Storage & Organization,Storage Cabinets,"
Storage Cabinets: Keep Your Space Organized
Efficiently store and protect your office or home essentials in stylish storage cabinets. Choose from a variety of designs and sizes to fit your unique needs."
Furniture,Storage & Organization,Drawers & Chests,"
Sure! Here is a professional and concise description for the subcategory ""Drawers & Chests"" within the main category ""Storage & Organization"":

""Organize your home or office with our wide range of stylish and functional drawers & chests. Keep your belongings neatly stored and easily accessible with our high-quality, durable pieces."""
Daily Essentials,Household Items,Cleaning Supplies,"
Cleaning Supplies - Essential for a Spotless Home
From scrubbers to sprays, our selection of cleaning supplies has everything you need to keep your home sparkling clean. Shop now and get ready to glow! #HouseholdItems #CleaningSupplies"
Daily Essentials,Household Items,Kitchen Cleaning Products,"
Kitchen Cleaning Products - Keep Your Cookspace Sparkling!  Our kitchen cleaning products are specifically designed to tackle tough cooking messes and leave your space smelling fresh and clean. From scrubbing sponges to disinfecting wipes, we've got everything you need to keep your kitchen looking its best. "
Daily Essentials,Household Items,Dishwashing Liquid,"
Dishwashing Liquid - Effective Cleaning for Your Home Dishes
A high-quality dishwashing liquid that helps you clean your home dishes with ease. Its powerful formula removes tough food residue, leaving your dishes sparkling and fresh."
Daily Essentials,Household Items,Brooms and Brushes,"
Sure! Here is a professional, industry-specific description for the subcategory ""Brooms and Brushes"" within the main category ""Household Items"":

""Brooms and brushes are essential household items for cleaning floors, dusting surfaces, and removing dirt and debris. Our selection includes high-quality, durable brooms and brushes in various sizes and shapes to suit your cleaning needs."""
Daily Essentials,Household Items,Vacuum Cleaners,"
Sure! Here is a professional, industry-specific description for the subcategory ""Vacuum Cleaners"" within the main category ""Household Items"":

Vacuum cleaners are essential household items used to remove dirt, dust, and allergens from floors, carpets, and upholstery. With their powerful suction and versatile attachments, vacuums make cleaning easier and more efficient than ever before."
Daily Essentials,Personal Care,Bathing Soaps,"
Sure! Here is a professional, industry-specific description for the subcategory ""Bathing Soaps"" within the main category of Personal Care:

""Bathing Soaps: Gentle, nourishing cleansers for a refreshing and invigorating bathing experience. Choose from a variety of scents and formulations to suit your skin type and preferences."""
Daily Essentials,Personal Care,Shampoos and Conditioners,"
Shampoos and Conditioners - Professional Description:

Elevate your hairstyle with our range of shampoos and conditioners tailored for your specific hair type. From nourishing formulas for dry scalps to volume-boosting treatments, we've got you covered for a salon-quality look at home."
Daily Essentials,Personal Care,Face Wash,"
Sure! Here's a concise and industry-specific description for the subcategory ""Face Wash"" within the main category ""Personal Care"":

""Cleanse your face with our gentle, non-irritating Face Wash. Removes dirt and impurities without stripping skin of its natural oils."" (Under 200 characters)"
Daily Essentials,Personal Care,Body Lotions,"
Sure! Here is a professional, industry-specific description for the subcategory ""Body Lotions"" within the main category ""Personal Care"":

Body Lotions: Moisturize and soften your skin with our range of lotions formulated for specific skin types and concerns. Find the perfect match for your body's needs."
Daily Essentials,Personal Care,Deodorants and Perfumes,"
Sure! Here is a professional, industry-specific description for the subcategory ""Deodorants and Perfumes"" within the main category of Personal Care:

Deodorants and perfumes are essential personal care products that help individuals feel confident and fresh throughout the day. These products work to control body odor and provide a pleasant fragrance, helping individuals feel more comfortable in their own skin."
Daily Essentials,Groceries,Rice & Grains,"
Sure! Here is a professional, industry-specific description for the subcategory ""Rice & Grains"" within the main category ""Groceries"":

Rice & Grains: Stock up on the essentials with our wide selection of rice and grains, including varieties from around the world. From long-grain to brown rice, we've got you covered for all your culinary needs."
Daily Essentials,Groceries,Instant Noodles,"
Instant Noodles are a convenient and quick meal solution within the Groceries category. These pre-cooked noodle dishes can be prepared in minutes, saving time and effort for busy individuals and families."
Daily Essentials,Groceries,Spices and Condiments,"
Sure! Here's a professional, industry-specific description for the subcategory ""Spices and Condiments"" within the main category ""Groceries"":

""Elevate your culinary creations with our diverse selection of spices and condiments. From classic salt and pepper to exotic blends, find the perfect flavor enhancers for any dish."""
Daily Essentials,Groceries,Packaged Snacks,"
Sure! Here's a professional and industry-specific description for the subcategory ""Packaged Snacks"" within the main category ""Groceries"":

""Packaged snacks offer quick and convenient options for satisfying hunger pangs. From crunchy chips to chewy granola bars, our selection has something for every taste bud."""
Daily Essentials,Groceries,Frozen Foods,"
Sure! Here is a professional, industry-specific description for the subcategory ""Frozen Foods"" within the main category ""Groceries"":

Frozen Foods: Delicious, convenient meals that are ready when you are. From vegetables to meats, our frozen options provide a quick and easy solution for busy households."
Daily Essentials,Beverages,Tea & Coffee,"
Sure! Here is a professional, industry-specific description for the subcategory ""Tea & Coffee"" within the main category ""Beverages"":

""Experience the rich flavors of tea and coffee from around the world. From traditional brews to unique blends, our selection offers something for every palate."""
Daily Essentials,Beverages,Juices & Soft Drinks,"
Sure! Here is a professional, industry-specific description for the subcategory ""Juices & Soft Drinks"" within the main category ""Beverages"":

""Juices & Soft Drinks: Refreshing and flavorful beverages made from fruit, vegetables, or artificial ingredients. Perfect for quenching thirst or adding a twist to your favorite recipes."""
Daily Essentials,Beverages,Energy Drinks,"
Sure! Here's a concise and industry-specific description for the subcategory ""Energy Drinks"" within the main category ""Beverages"":

Energy drinks are powerful beverages designed to provide a quick energy boost, typically containing high levels of caffeine and other stimulants. These drinks are popular among students, athletes, and working professionals looking for a quick pick-me-up."
Daily Essentials,Beverages,Milk and Dairy Products,"
Sure! Here is a professional and concise description for the subcategory Milk and Dairy Products within the main category Beverages:

Milk and dairy products are essential beverages that provide essential nutrients, including calcium, protein, and vitamins. They come in various forms, such as whole milk, skim milk, cheese, yogurt, and butter, catering to different tastes and dietary needs."
Daily Essentials,Beverages,Water and Sports Drinks,"
Here is a professional, industry-specific description for the subcategory ""Water and Sports Drinks"" within the main category ""Beverages"":

Water and sports drinks are essential beverages that help quench thirst and replenish fluids lost during physical activity. With a range of flavors and electrolyte levels, these drinks provide the necessary hydration for athletes and fitness enthusiasts to perform at their best."
Daily Essentials,Baby Products,Diapers and Wipes,"
Sure! Here is a professional and concise description for the subcategory ""Diapers and Wipes"" within the main category of Baby Products:

""Diapers and wipes for babies, designed to provide comfortable and hygienic protection during diaper changes. Our products offer superior absorbency and gentle skin care for your little one's delicate skin."""
Daily Essentials,Baby Products,Baby Food,"
Sure! Here is a professional, industry-specific description for the subcategory ""Baby Food"" within the main category ""Baby Products"":

""Nourishing meals for little ones, crafted with love and care. From pureed fruits and veggies to allergen-friendly options, our baby food range has everything you need for a happy, healthy baby."""
Daily Essentials,Baby Products,Baby Clothes,"
Sure! Here is a professional and concise description for the subcategory ""Baby Clothes"" within the main category ""Baby Products"":

Baby Clothes: Soft, comfortable, and adorable outfits for your little one's daily adventures. From cute onesies to cozy pajamas, our baby clothes are designed to keep your baby happy and comfortable."
Daily Essentials,Baby Products,Baby Bathing and Skin Care,"
Sure! Here is a professional, industry-specific description for the subcategory ""Baby Bathing and Skin Care"" within the main category ""Baby Products"":

""Keep your little one's skin healthy and clean with our range of gentle baby bath products and skin care essentials. From soft, absorbent diapers to soothing lotions and creams, we've got everything you need for happy, comfortable babies."""
Daily Essentials,Baby Products,Baby Health Products,"
Sure! Here is a professional, industry-specific description for the subcategory ""Baby Health Products"" within the main category ""Baby Products"":

""Baby Health Products: Essential items for a healthy baby, including breast pumps, baby monitors, and natural remedies for colic and teething. Keep your little one happy and healthy with our top-quality products."""
Daily Essentials,Health & Wellness,Vitamins & Supplements,"
Sure! Here is a professional, industry-specific description for the subcategory Vitamins & Supplements within the main category Health & Wellness:

Vitamins & Supplements: Essential nutrients for optimal health. Boost your wellness routine with high-quality supplements tailored to your needs."
Daily Essentials,Health & Wellness,Health Drinks,"
Here is a possible professional, industry-specific description for the subcategory ""Health Drinks"" within the main category ""Health & Wellness"":

""Healthy drinks that promote wellness from within. Formulated with natural ingredients and essential nutrients to support immune function, digestion, and overall health."""
Daily Essentials,Health & Wellness,First Aid and Bandages,"
Here is a professional, industry-specific description for the subcategory ""First Aid and Bandages"" within the main category ""Health & Wellness"":

""Providing immediate care for injuries or illnesses with first aid kits and bandages. Offering protection and relief to promote recovery."" (Under 200 characters)"
Daily Essentials,Health & Wellness,Fitness Supplements,"
Sure! Here is a professional and industry-specific description for the subcategory ""Fitness Supplements"" within the main category of ""Health & Wellness"":

Fitness supplements help fuel your workouts and support overall health. From protein powder to creatine, find the right supplement to meet your fitness goals."
Daily Essentials,Health & Wellness,Medicines,"
Sure! Here's a professional, industry-specific description for the subcategory ""Medicines"" within the main category ""Health & Wellness"":

""Medicines: Developing and delivering safe, effective pharmaceuticals to treat various health conditions and improve quality of life. From prescription drugs to over-the-counter supplements, our medicines are designed to help you feel better and live healthier."""
Daily Essentials,Pet Care,Pet Food,"
Sure! Here is a concise and industry-specific description for the subcategory ""Pet Food"" within the main category ""Pet Care"":

""Nourishing meals for furry friends. From grain-free to limited ingredient, our pet food options cater to your pet's unique needs and preferences."""
Daily Essentials,Pet Care,Pet Grooming Products,"
Sure! Here is a professional, industry-specific description for the subcategory ""Pet Grooming Products"" within the main category ""Pet Care"":

""Elevate your pet's grooming routine with our line of high-quality grooming products, designed to keep your furry friend looking and feeling their best. From shampoos and conditioners to nail clippers and brushes, we have everything you need for a pampered pooch."""
Daily Essentials,Pet Care,Pet Toys and Accessories,"
Sure! Here's a professional, industry-specific description for the subcategory ""Pet Toys and Accessories"" within the main category ""Pet Care"":

""Pet Toys and Accessories: Keep your furry friend entertained and happy with a wide range of fun and durable toys, chews, and treats. From interactive puzzle toys to cozy blankets, we've got everything you need to keep your pet happy and healthy."""
Daily Essentials,Pet Care,Pet Health & Wellness,"
Sure! Here's a professional, industry-specific description for the subcategory ""Pet Health & Wellness"" within the main category ""Pet Care"":

""Providing comprehensive healthcare services for pets, including vaccinations, parasite control, and wellness exams. Promoting overall pet wellness through nutrition, exercise, and preventative care."""
Daily Essentials,Pet Care,Pet Bedding,"
Sure! Here is a professional and concise description for the subcategory of Pet Bedding within the main category of Pet Care:

Pet Bedding: Cozy beds and comfortable resting spots for your furry friends, designed to provide comfort and support during their sleepy time. From soft cushions to plush blankets, our pet bedding range offers a variety of styles to suit your pet's preferences and needs."
Daily Essentials,Office Supplies,Notebooks and Diaries,"
Notebooks and diaries are essential tools for professionals and students alike, providing a space for notes, ideas, and creative expression. Durable and versatile, they help organize thoughts and projects, and serve as a valuable resource for brainstorming and goal-setting."
Daily Essentials,Office Supplies,Pens and Pencils,"
Sure! Here is a professional, industry-specific description for the subcategory ""Pens and Pencils"" within the main category of Office Supplies:

""Essential writing instruments for productive workdays. Choose from a range of high-quality pens and pencils to keep your workspace stocked and organized."""
Daily Essentials,Office Supplies,Printer Papers and Cartridges,"
Sure! Here is a professional, industry-specific description for the subcategory ""Printer Papers and Cartridges"" within the main category ""Office Supplies"":

""High-quality printing materials and cartridges for efficient and productive office workflows. Including paper, ink, and toner for various printer models."" (Under 200 characters)"
Daily Essentials,Office Supplies,Files and Folders,"
Sure! Here's a professional and concise description for the subcategory ""Files and Folders"" within the main category ""Office Supplies"":

 Files and Folders: Organize your workspace with ease. From compact folders to sturdy file boxes, keep your important documents secure and within reach."
Daily Essentials,Office Supplies,Desk Organizers,"
Here's a professional, industry-specific description for the subcategory ""Desk Organizers"" within the main category ""Office Supplies"":

Organize your workspace with ease using our selection of desk organizers. From pen holders to file folders, find the perfect solution to keep your desk tidy and productive."
Daily Essentials,Stationery,Envelopes and Labels,"
Here is a professional, industry-specific description for the subcategory ""Envelopes and Labels"" within the main category ""Stationery"":

Envelopes and labels are an essential part of any stationery collection. From formal business envelopes to colorful self-stick labels, these products help to add a touch of professionalism and organization to any document or package."
Daily Essentials,Stationery,Paper Clips and Binder Clips,"
Here is a professional and industry-specific description for the subcategory ""Paper Clips and Binder Clips"" within the main category ""Stationery"":

Paper Clips and Binder Clips are essential tools for organizing and managing documents, papers, and other office materials. These clips provide a secure and convenient way to keep items together, promoting efficiency and productivity in any workplace."
Daily Essentials,Stationery,Sticky Notes,"
Sure! Here is a professional and industry-specific description for the subcategory ""Sticky Notes"" under the main category ""Stationery"":

Sticky Notes: Colorful and convenient, our sticky notes are the perfect way to jot down reminders, appointments, or inspiring quotes. From small squares to larger pads, they're easy to use and always within reach."
Daily Essentials,Stationery,Erasers and Sharpeners,"
Erasers and Sharpeners are a vital part of any stationery collection, helping to maintain and improve writing instruments for optimal performance. From erasing mistakes to keeping pencils sharp, these tools ensure that your writing stays accurate and clean."
Daily Essentials,Stationery,Highlighters and Markers,"
Sure! Here is a professional, industry-specific description for the subcategory ""Highlighters and Markers"" within the main category ""Stationery"":

Highlighters and markers are essential tools for organizing and presenting information in a clear and concise manner. These versatile products allow users to highlight important text, add notes and annotations, and create visually appealing documents."
Daily Essentials,Toiletries,Toilet Papers,"
Toilet Papers - Essential for personal hygiene and cleanliness, toilet papers are designed to absorb and dispose of waste with ease. From sensitive skin to heavy duty use, our range offers the perfect solution for any bathroom need."
Daily Essentials,Toiletries,Shampoo and Conditioner,"
Shampoo and Conditioner - Essential Haircare for a Fresh Start: Keep your locks looking and feeling great with our gentle, nourishing shampoo and conditioner duo. Formulated with plant-based ingredients, these products will leave your hair soft, smooth, and full of life."
Daily Essentials,Toiletries,Toothpaste and Toothbrushes,"
Toothpaste and Toothbrushes: Keep your smile shining bright with our selection of high-quality toothpastes and brushes. From fluoride toothpastes for cavity protection to gentle brushes for sensitive teeth, we've got you covered."
Daily Essentials,Toiletries,Shaving and Hair Removal Products,"
Sure! Here is a professional and concise description for the subcategory ""Shaving and Hair Removal Products"" within the main category ""Toiletries"":

Shaving and hair removal products help you achieve smooth, silky skin with ease. From razors to creams and gels, our selection offers effective solutions for both men and women."
Daily Essentials,Toiletries,Bathroom Cleaners,"
Bathroom Cleaners - Keep Your Bathroom Spotless!  Our bathroom cleaners are specially formulated to tackle dirt, grime & odors in every corner of the bathroom. From toilet bowls to sink basins, we've got you covered.  #Toiletries #BathroomCleaners #Spotless"
Daily Essentials,Hygiene Products,Hand Wash and Sanitizers,"
Hand wash and sanitizers are an essential part of maintaining proper hygiene in various industries. These products help prevent the spread of germs and bacteria, ensuring a clean and healthy environment for employees and customers alike."
Daily Essentials,Hygiene Products,Feminine Hygiene Products,"
Here is a professional, industry-specific description for the subcategory ""Feminine Hygiene Products"" within the main category ""Hygiene Products"":

Feminine Hygiene Products: Essential items for women's personal care, including sanitary napkins, tampons, and pantyliners, designed to manage menstrual flow and promote hygiene during the reproductive cycle."
Daily Essentials,Hygiene Products,Wet Wipes and Tissues,"
Sure! Here is a professional, industry-specific description for the subcategory ""Wet Wipes and Tissues"" within the main category ""Hygiene Products"":

""Wet wipes and tissues for personal hygiene needs. Soft, absorbent, and gentle on skin, ideal for face, hands, and body cleaning on-the-go."""
Daily Essentials,Hygiene Products,Toilet Brushes and Holders,"
Sure! Here's a professional and concise subcategory description for Toilet Brushes and Holders within the Hygiene Products main category:

""Toilet Brushes and Holders keep bathrooms clean and hygienic by effectively removing waste and debris from toilet bowls. Choose from a range of durable and easy-to-use designs for optimal cleaning performance."""
Pooja Essentials,Pooja Samagri,Agarbatti (Incense Sticks),"
Agarbatti (Incense Sticks) - Pooja Samagri:
Elegant, aromatic sticks for sacred rituals, enhancing the ambiance of your puja space with each burn."
Pooja Essentials,Pooja Samagri,Dhoop Cones,"
Sure! Here is a professional and concise description for the subcategory ""Dhoop Cones"" within the main category ""Pooja Samagri"":

Dhoop Cones: Essential for creating sacred smoke during pujas, these cone-shaped structures are made from high-quality materials and designed to burn evenly, producing a fragrant and purifying smoke."
Pooja Essentials,Pooja Samagri,Camphor (Kapoor),"
Camphor (Kapoor) is a popular Pooja Samagri used in Hindu rituals for its purifying and fragrant properties. It is commonly used to purify the atmosphere before prayer or puja, and is believed to bring good luck and prosperity."
Pooja Essentials,Pooja Samagri,Cotton Wicks (Batti),"
Sure! Here is a professional and industry-specific description for the subcategory ""Cotton Wicks (Batti)"" under the main category ""Pooja Samagri"":

""Cotton wicks (batti) are an essential component of various pujas and rituals. High-quality cotton wicks ensure consistent and even burning of incense, offering a pleasing aroma and ambiance for religious ceremonies."""
Pooja Essentials,Pooja Samagri,Chandan (Sandalwood) Powder,"
Here is a professional, industry-specific description for the subcategory ""Chandan (Sandalwood) Powder"" within the main category ""Pooja Samagri"":

Chandan (Sandalwood) Powder - A sacred and highly valued ingredient in Hindu pujas, this fine powder is obtained from the heartwood of the sandalwood tree. Used for purification and spiritual offerings, it imparts a subtle yet distinct fragrance to the surroundings, creating a serene atmosphere for prayer and meditation."
Pooja Essentials,Pooja Samagri,Kumkum & Sindoor,"
Sure! Here's a professional and industry-specific description for the subcategory ""Kumkum & Sindoor"" under the main category ""Pooja Samagri"":

""Essential for Hindu religious ceremonies, Kumkum & Sindoor are sacred red dyes used to adorn deities and participants. These versatile powders add a touch of spirituality and tradition to any pooja or ritual."""
Pooja Essentials,Pooja Samagri,Haldi (Turmeric Powder),"
Here is a professional, industry-specific description for the subcategory ""Haldi (Turmeric Powder)"" under the main category ""Pooja Samagri"":

""Haldi (turmeric powder) - A sacred and essential ingredient in Hindu ceremonies, used to purify and bless the space and participants. Adds yellow color to rituals and symbolizes prosperity and good fortune."""
Pooja Essentials,Pooja Samagri,Gangajal,"
Gangajal - Holy Basil Leaves for Auspicious Ceremonies:
Pure basil leaves for religious ceremonies, symbolizing purity and positivity. Used in Hindu rituals to bring good luck and blessings."
Pooja Essentials,Pooja Samagri,Rose Water,"
Sure! Here's a professional and industry-specific description for the subcategory ""Rose Water"" under the main category ""Pooja Samagri"":

Rose Water - A gentle and fragrant Pooja Samagri, used in Hindu ceremonies to purify and sanctify the space. Known for its calming and spiritual properties, rose water helps create a peaceful ambiance for prayer and meditation."
Pooja Essentials,Pooja Samagri,Sacred Thread (Mauli),"
Sure! Here is a professional and industry-specific description for the subcategory ""Sacred Thread (Mauli)"" within the main category ""Pooja Samagri"":

""Sacred thread (Mauli) - A sacred thread worn around the wrist or neck during religious ceremonies, symbolizing spiritual purity and devotion."""
Pooja Essentials,Pooja Samagri,Ghee & Oil for Diyas,"
Sure! Here's a professional and industry-specific description for the subcategory ""Ghee & Oil for Diyas"" within the main category ""Pooja Samagri"":

""High-quality ghee and oil for diyas, essential for traditional Indian pujas and ceremonies. Enhance the spiritual ambiance with our pure and aromatic offerings."""
Pooja Essentials,Diyas & Lamps,Brass Diyas,"
Sure! Here is a professional and industry-specific description for the subcategory ""Brass Diyas"" within the main category ""Diyas & Lamps"":

""Elevate your home decor with our exquisite brass diyas. Crafted from high-quality materials, these elegant lamps offer a warm and inviting glow that will add a touch of sophistication to any room."""
Pooja Essentials,Diyas & Lamps,Clay Diyas,"
Sure! Here is a professional, industry-specific description for the subcategory ""Clay Diyas"" within the main category of Diyas & Lamps:

""Elegant and earthy, clay diyas add warmth and texture to any space. Handcrafted from natural clay and finished with intricate designs, these one-of-a-kind lamps are a beautiful addition to any decor."""
Pooja Essentials,Diyas & Lamps,Electric Diyas,"
Sure! Here is a professional, industry-specific description for the subcategory ""Electric Diyas"" within the main category ""Diyas & Lamps"":

Electric Diyas: Bringing traditional Indian lighting into the modern age with innovative, battery-operated designs that combine classic elegance with contemporary convenience."
Pooja Essentials,Diyas & Lamps,Akhand Deep,"
Sure! Here's a professional and industry-specific description for the subcategory ""Akhand Deep"" within the main category ""Diyas & Lamps"":

""Akhand Deep: A beautifully crafted handmade lamp that symbolizes eternal light, representing the never-ending quest for knowledge and wisdom. Adorn your home with this stunning piece of art and inspire a culture of lifelong learning."""
Pooja Essentials,Diyas & Lamps,Floating Diyas,"
Sure! Here is a professional, industry-specific description for the subcategory ""Floating Diyas"" within the main category ""Diyas & Lamps"":

Floating Diyas: Elegant, ethereal lamps that float and glow, adding a touch of magic to any space. Perfect for creating a dreamy ambiance in your home or event decor."
Pooja Essentials,Pooja Thalis & Accessories,Decorative Pooja Thali,"
Decorative Pooja Thali: Elevate your prayer rituals with our elegant and intricately designed thalis. Adorned with beautiful patterns and colors, these thalis add a touch of grace and sophistication to any pooja space."
Pooja Essentials,Pooja Thalis & Accessories,Brass & Silver Pooja Plates,"
Sure! Here is a professional and industry-specific description for the subcategory ""Brass & Silver Pooja Plates"" under the main category ""Pooja Thalis & Accessories"":

""Elevate your puja rituals with our exquisite brass and silver pooja plates. Crafted with precision and care, these plates add a touch of elegance and sophistication to any worship space."""
Pooja Essentials,Pooja Thalis & Accessories,Bell (Ghanti),"
Sure! Here's a professional, industry-specific description for the subcategory ""Bell (Ghanti)"" within the main category ""Pooja Thalis & Accessories"":

""Elegant bell (ghanti) for your pooja, crafted from high-quality materials. Adds a touch of spirituality to your worship."""
Pooja Essentials,Pooja Thalis & Accessories,Kalash,"
Sure! Here is a professional and industry-specific description for the subcategory ""Kalash"" within the main category of Pooja Thalis & Accessories:

""Kalash: A sacred vessel used in Hindu religious ceremonies, typically made of clay or metal, used to hold offerings to deities during pujas and prayers. Elegant and versatile, our Kalash collection offers a range of styles and sizes for every occasion."""
Pooja Essentials,Pooja Thalis & Accessories,Panchpatra & Achmani,"
Panchpatra & Achmani: Elevate your puja experience with our exclusive collection of traditional Indian thalis and accessories. Enjoy a harmonious blend of elegance and spirituality with these carefully crafted items, designed to enhance your pooja practice."
Pooja Essentials,Pooja Thalis & Accessories,Pooja Spoons & Small Bowls,"
Pooja Spoons & Small Bowls: Elegant and functional utensils for spiritual offerings. Perfect for small rituals and everyday use."
Pooja Essentials,Idols & Deities,Lord Ganesha Idols,"
Lord Ganesha Idols: Elegant and Auspicious Representations of the Hindu God of New Beginnings
Lord Ganesha idols are intricately crafted representations of the beloved Hindu deity, known for his wisdom and auspicious beginnings. Perfect for decorating homes, offices, or temples, these idols embody the qualities of Lord Ganesha and bring a touch of divine elegance to any space."
Pooja Essentials,Idols & Deities,Goddess Lakshmi Idols,"
Sure! Here's a professional, industry-specific description for the subcategory ""Goddess Lakshmi Idols"" within the main category ""Idols & Deities"":

Goddess Lakshmi Idols: Auspicious symbols of prosperity and good fortune. Bring the divine beauty and blessings of the Hindu goddess of wealth into your home or place of work with these exquisitely crafted idols."
Pooja Essentials,Idols & Deities,Lord Shiva Idols,"
Lord Shiva Idols - Elegant Depictions of the Hindu God of Transformation

Adorn your home or place of worship with these intricately crafted idols of Lord Shiva, representing the deity's powerful and transformative energy. Each idol is meticulously carved to capture the essence of this revered Hindu god, exuding serenity and divinity."
Pooja Essentials,Idols & Deities,Lord Krishna Idols,"
Lord Krishna Idols: Exquisite handcrafted replicas of Lord Krishna, the Hindu deity known for his divine grace and divine playfulness. Each idol is meticulously crafted with intricate details and vibrant colors, bringing the spiritual leader to life in any space."
Pooja Essentials,Idols & Deities,Hanuman Idols,"
Sure! Here's a professional, industry-specific description for the subcategory ""Hanuman Idols"" within the main category ""Idols & Deities"":

Hanuman Idols: Intricately carved and exquisitely detailed statues of Lord Hanuman, the powerful Hindu deity known for his devotion and strength. Perfect for temples, homes, or as a meaningful gift for any occasion."
Pooja Essentials,Idols & Deities,Durga Mata Idols,"
Durga Mata Idols - Exquisite Handcrafted Idols of the Goddess of Strength and Protection
Experience the beauty and devotion of Durga Mata idols, crafted with precision and care by skilled artisans. Each idol captures the fierce elegance of the goddess, embodying strength, courage, and protection for your home or worship space."
Pooja Essentials,Idols & Deities,Shivling,"
Shivling: Sacred Idol of Lord Shiva
A symbol of divine power and wisdom, the Shivling represents the lord of destruction and transformation. Worshiping this idol is said to bring spiritual growth and inner peace."
Pooja Essentials,Religious Books & Scriptures,Bhagavad Gita,"
Bhagavad Gita: Timeless Wisdom for Spiritual Journeying
A seminal Hindu scripture, offering practical guidance on self-realization, ethics, and the pursuit of spiritual growth through devotion to Lord Krishna."
Pooja Essentials,Religious Books & Scriptures,Ramayana,"
Sure! Here is a concise and easy-to-understand professional description for the subcategory ""Ramayana"" within the main category ""Religious Books & Scriptures"":

""The Ramayana is an ancient Indian epic poem that tells the story of Rama, a prince banished to exile who fights against evil and restores justice, embodying the values of courage, duty, and devotion. It is considered one of Hinduism's most sacred texts and continues to inspire millions around the world."""
Pooja Essentials,Religious Books & Scriptures,Hanuman Chalisa,"
Here is a professional and concise description for the subcategory ""Hanuman Chalisa"" within the main category ""Religious Books & Scriptures"":

""The Hanuman Chalisa is a Hindu scripture dedicated to Lord Hanuman, the monkey god and loyal servant of Lord Rama. It contains 44 verses that highlight his bravery, devotion, and wisdom, making it a popular choice for meditation and worship."""
Pooja Essentials,Religious Books & Scriptures,Vedas & Upanishads,"
Here is a possible professional, industry-specific description for the subcategory ""Vedas & Upanishads"" within the main category ""Religious Books & Scriptures"":

""Explore the ancient Indian spiritual texts that lay the foundation of Hinduism and offer insights into the nature of reality, consciousness, and the universe. Includes the Vedas, Upanishads, and other important scriptures."""
Pooja Essentials,Yantras & Rudraksha,Shri Yantra,"
Shri Yantra: Sacred Geometric Symbol for Abundance, Prosperity & Success

The Shri Yantra is an ancient Indian symbol representing the union of cosmic forces, believed to bring prosperity, abundance, and success in all endeavors. Its intricate design harnesses the power of geometry to attract positive energy and manifest dreams into reality."
Pooja Essentials,Yantras & Rudraksha,Navagraha Yantra,"
Sure! Here's a professional and industry-specific description for the subcategory ""Navagraha Yantra"" within the main category ""Yantras & Rudraksha"":

""Unlock the power of the nine celestial bodies with our Navagraha Yantra. This sacred symbol represents the energies of the planets and their influence on our lives, bringing balance and harmony to your spiritual journey."""
Pooja Essentials,Yantras & Rudraksha,Lakshmi Kubera Yantra,"
Sure! Here's a concise and industry-specific description for Lakshmi Kubera Yantra in the subcategory of Yantras & Rudraksha:

Lakshmi Kubera Yantra: A sacred geometric diagram representing the union of wealth and prosperity, symbolizing the harmonious collaboration between Goddess Lakshmi and Lord Kubera. This yantra is believed to attract abundance, prosperity, and financial success, fostering a balanced flow of energy in your life and business."
Pooja Essentials,Yantras & Rudraksha,Panchmukhi Rudraksha Mala,"
PanchaMukhi Rudraksha Mala - A Divine Strings of Five-Faced Rudraksha Beads for Spiritual Growth and Well-Being. Adorn your wrist with these rare and sacred beads, believed to bring peace, prosperity, and spiritual enlightenment."
Pooja Essentials,Yantras & Rudraksha,Sphatik Mala,"
Sure, here's a professional and industry-specific description for the subcategory ""Sphatik Mala"" within the main category ""Yantras & Rudraksha"":

Sphatik Malas are sacred necklaces crafted from crystal or quartz, believed to promote spiritual growth and inner peace. Wearing a Sphatik Mala is said to bring clarity of mind, enhance meditation practices, and attract positive energy."
